﻿Data Source,World Development Indicators,,,,,,,,,,,,,,,,,,,,,,,,,,,,,,,,,,,,,,,,,,,,,,,,,,,,,,,,,,,,,,,
Last Updated Date,16/09/2020,,,,,,,,,,,,,,,,,,,,,,,,,,,,,,,,,,,,,,,,,,,,,,,,,,,,,,,,,,,,,,,
,,,,,,,,,,,,,,,,,,,,,,,,,,,,,,,,,,,,,,,,,,,,,,,,,,,,,,,,,,,,,,,,
Country Name,Country Code,Indicator Name,Indicator Code,1960,1961,1962,1963,1964,1965,1966,1967,1968,1969,1970,1971,1972,1973,1974,1975,1976,1977,1978,1979,1980,1981,1982,1983,1984,1985,1986,1987,1988,1989,1990,1991,1992,1993,1994,1995,1996,1997,1998,1999,2000,2001,2002,2003,2004,2005,2006,2007,2008,2009,2010,2011,2012,2013,2014,2015,2016,2017,2018,2019,2020
Aruba,ABW,"Government expenditure on education, total (% of government expenditure)",SE.XPD.TOTL.GB.ZS,,,,,,,,,,,,,,,,,,,,,,,,,,,,,,,,,,,,,,,22.08239,19.27892,21.82276,21.32039,19.75715,,14.89786,18.90071,,20.7888,19.0362,21.53726,22.14366,21.74546,20.63408,21.87459,19.61272,22.85499,21.36655,,,,
Afghanistan,AFG,"Government expenditure on education, total (% of government expenditure)",SE.XPD.TOTL.GB.ZS,,,,,,,,,,,,,,,,,,,,,,,,,,,,,,,,,,,,,,,,,,,,,,,,,,,17.06756,16.04843,10.3568,14.1028,14.46593,12.509,16.2117,15.66138,,,
Angola,AGO,"Government expenditure on education, total (% of government expenditure)",SE.XPD.TOTL.GB.ZS,,,,,,,,,,,,,,,,,,,,,,,,,,,,,,,,,,,,,,,6.11468,,5.25508,,,,,7.99235,7.45479,,,,8.68477,,,,,,,,,,
Albania,ALB,"Government expenditure on education, total (% of government expenditure)",SE.XPD.TOTL.GB.ZS,,,,,,,,,,,,,,,,,,,,,,,,,,,,,,,,,,,,,,11.15339,9.62407,9.68246,10.13703,10.58193,9.88692,10.5736,10.70316,11.35797,10.93295,11.17719,,,,,,12.12391,,11.3177,13.59696,12.3908,8.43546,,
Andorra,AND,"Government expenditure on education, total (% of government expenditure)",SE.XPD.TOTL.GB.ZS,,,,,,,,,,,,,,,,,,,,,,,,,,,,,,,,,,,,,,,,,,,,,,,,,,,,,,,,19.4891,19.22652,18.95694,19.32306,,
Arab World,ARB,"Government expenditure on education, total (% of government expenditure)",SE.XPD.TOTL.GB.ZS,,,,,,,,,,,,,,,,,,,,,,,,,,,,,,,,,,,,,,,,,,,,,14.74871,,,,13.18468,,,,,,,,,,,,
United Arab Emirates,ARE,"Government expenditure on education, total (% of government expenditure)",SE.XPD.TOTL.GB.ZS,,,,,,,,,,,,,,,,,,,,,,,,,,,,,,,,,,,,,,,,,,,,,,,,,,,,,,,,,,,,,
Argentina,ARG,"Government expenditure on education, total (% of government expenditure)",SE.XPD.TOTL.GB.ZS,,,,,,,,,,,,,,,,,,,,,,,,,,,,,,,,,,,,,15.39877,,15.62126,15.87754,16.22615,16.35596,16.44221,14.35472,15.1393,15.80317,15.50984,15.10157,15.74784,16.02067,15.04797,15.15856,14.51826,14.45793,13.79933,13.96331,13.35554,13.26392,,,
Armenia,ARM,"Government expenditure on education, total (% of government expenditure)",SE.XPD.TOTL.GB.ZS,,,,,,,,,,,,,,,,,,,,,,,,,,,,,,,,,,,,,,,,,,,,,,13.64809,13.57852,13.46559,14.26845,13.45122,12.40051,12.59334,12.36897,11.13676,9.36712,10.65636,10.1972,10.40313,,,
American Samoa,ASM,"Government expenditure on education, total (% of government expenditure)",SE.XPD.TOTL.GB.ZS,,,,,,,,,,,,,,,,,,,,,,,,,,,,,,,,,,,,,,,,,,,,,,,,,,,,,,,,,,,,,
Antigua and Barbuda,ATG,"Government expenditure on education, total (% of government expenditure)",SE.XPD.TOTL.GB.ZS,,,,,,,,,,,,,,,,,,,,,,,,,,,,,,,,,,,,,,,,12.43941,,,11.70154,,,,,,,6.92814,,,,,,,,,,,
Australia,AUS,"Government expenditure on education, total (% of government expenditure)",SE.XPD.TOTL.GB.ZS,,,,,,,,,,,,,,,,,,,,,,,,,,,,,13.24973,13.35092,13.59172,14.06531,13.20402,15.01692,14.29702,14.77006,14.24612,,,,13.36016,,,,,13.58513,13.1782,13.03027,12.59972,13.42167,14.324,13.485,13.1744,14.04139,13.88379,14.07972,13.77107,,,,
Austria,AUT,"Government expenditure on education, total (% of government expenditure)",SE.XPD.TOTL.GB.ZS,,,,,,,,,,,,,,,,,,,,,,,,,,,,,,11.28604,11.51311,11.75021,11.75971,11.07318,,10.50612,9.74095,,11.29195,12.15057,11.03322,10.85632,10.53233,10.73962,9.87333,10.26185,10.37458,10.45229,10.55515,10.58393,10.78913,10.98849,10.70118,10.74029,10.41116,10.69348,10.95385,,,,
Azerbaijan,AZE,"Government expenditure on education, total (% of government expenditure)",SE.XPD.TOTL.GB.ZS,,,,,,,,,,,,,,,,,,,,,,,,,,,,,,,,,,,,41.40279,24.11673,,18.75694,21.60498,21.11908,20.87755,13.63072,15.17084,14.23504,13.22315,10.10042,9.77937,7.76384,9.34393,8.70084,7.21986,5.64367,6.46413,7.23873,7.6311,8.2069,6.9504,,,
Burundi,BDI,"Government expenditure on education, total (% of government expenditure)",SE.XPD.TOTL.GB.ZS,,,,,,,,,,,,,,,,,,,,,,,,,,,,,,,,18.86403,18.12272,,16.75644,23.79244,16.7136,,,13.51864,10.73526,11.43313,12.48608,,9.17908,10.95927,,,12.61554,16.30169,16.5881,14.9793,16.42832,17.24326,19.68831,24.21655,20.9095,20.40137,19.91987,,
Belgium,BEL,"Government expenditure on education, total (% of government expenditure)",SE.XPD.TOTL.GB.ZS,,,,,,,,,,,,,,,,,,,,,,10.27051,9.24833,,,,8.60583,8.18001,8.16213,,,,,10.17573,10.27698,5.8266,5.89461,,,,,,,,,11.1742,,,12.51252,11.84732,12.01315,11.70031,,11.89315,12.01019,12.17073,12.32835,,,,
Benin,BEN,"Government expenditure on education, total (% of government expenditure)",SE.XPD.TOTL.GB.ZS,,,,,,,,,,,,,,,,,,,,,,,,,,,,,,,,,,,,,,,18.46174,17.88519,13.5132,15.31058,14.12908,16.68253,19.21395,18.79039,19.70961,14.94869,19.08858,18.17562,26.14396,,25.02131,22.34122,22.22771,17.47952,18.7914,19.87965,17.70918,,
Burkina Faso,BFA,"Government expenditure on education, total (% of government expenditure)",SE.XPD.TOTL.GB.ZS,,,,,,,,,,,,,,,,,,,,,,,,,,,,,8.33824,,,,,,19.94968,,7.34018,,,,,,,,,19.49419,18.2017,17.86382,,,16.17282,19.50061,15.89538,16.16528,19.36811,18.02708,,21.444,22.66117,,
Bangladesh,BGD,"Government expenditure on education, total (% of government expenditure)",SE.XPD.TOTL.GB.ZS,,,,,,,,,,,,,,,,,,,,,5.2636,6.63403,6.39411,6.47326,8.08762,8.38863,9.13005,10.46843,,,11.19103,11.0621,12.53667,12.11385,,,,15.19687,,18.12979,20.49042,18.58478,15.6938,16.68163,15.95312,,17.33653,18.1534,17.81619,14.02987,,16.79397,15.59324,13.82282,,,11.41942,18.38782,14.6466,,
Bulgaria,BGR,"Government expenditure on education, total (% of government expenditure)",SE.XPD.TOTL.GB.ZS,,,,,,,,,,,,,,,,,,,,,,,,,,,,,,,,,,,,,,,8.95102,,,9.27774,9.65432,11.18025,6.703,12.07252,12.01048,11.11392,12.61226,12.65675,11.16342,11.10005,10.69092,11.4398,,,,,,,
Bahrain,BHR,"Government expenditure on education, total (% of government expenditure)",SE.XPD.TOTL.GB.ZS,,,,,,,,,,,,,,,,,,,,,,,,,,,,,,,,,,,,,,,,,,,,,,,11.91866,11.02673,10.55867,,,,8.28845,7.21531,8.68403,7.29736,,7.18035,,,
"Bahamas, The",BHS,"Government expenditure on education, total (% of government expenditure)",SE.XPD.TOTL.GB.ZS,,,,,,,,,,,,,,,,,,,,,,,,,,,,,,,,,,,,,,,,,18.92281,,,,,,,,,,,,,,,,,,,,
Bosnia and Herzegovina,BIH,"Government expenditure on education, total (% of government expenditure)",SE.XPD.TOTL.GB.ZS,,,,,,,,,,,,,,,,,,,,,,,,,,,,,,,,,,,,,,,,,,,,,,,,,,,,,,,,,,,,,
Belarus,BLR,"Government expenditure on education, total (% of government expenditure)",SE.XPD.TOTL.GB.ZS,,,,,,,,,,,,,,,,,,,,,,,,,,,,,,,,,,,,,,,,,,,,,12.55235,12.62011,12.45032,10.13372,,8.44955,11.77813,11.62665,12.7523,12.27399,12.40672,11.46173,12.15878,12.28169,,,
Belize,BLZ,"Government expenditure on education, total (% of government expenditure)",SE.XPD.TOTL.GB.ZS,,,,,,,,,,,,,,,,,,,,,,,,,,,,,,,,,,,,,,,,19.18408,15.61226,18.30537,,16.13167,16.24847,,,,18.05774,21.57314,22.3818,,,22.23905,22.15761,21.61292,20.55235,21.29523,,,
Bermuda,BMU,"Government expenditure on education, total (% of government expenditure)",SE.XPD.TOTL.GB.ZS,,,,,,,,,,,,,,,,,,,,,,,,,,,,,,,,,,,,,,,,,,,,11.0366,11.11385,12.1054,,,,13.97043,12.93424,,,,7.79644,9.0188,,7.77347,,,
Bolivia,BOL,"Government expenditure on education, total (% of government expenditure)",SE.XPD.TOTL.GB.ZS,,,,,,,,,,,,,,,,,,,,,,,,,,,,,,,,,,,,,,,,,,,,,,,,,,,,,,,,,,,,,
Brazil,BRA,"Government expenditure on education, total (% of government expenditure)",SE.XPD.TOTL.GB.ZS,,,,,,,,,,,,,,,,,,,,,,,,,,,,,,,,,,,,,,,11.62986,9.60027,11.45216,10.61096,9.6373,,10.41292,11.26515,12.4269,13.22306,14.08374,14.72693,14.16016,15.26901,15.72767,15.59278,15.44382,16.21822,,,,,
Barbados,BRB,"Government expenditure on education, total (% of government expenditure)",SE.XPD.TOTL.GB.ZS,,,,,,,,,,,,,,,,,,,,,,,,,,,,,,,,,,,,,,,,21.1682,22.15035,26.88882,24.72449,17.94845,17.82022,17.50705,,16.62288,15.17194,15.54344,17.45378,,16.11518,14.84482,17.45106,,14.05526,12.87915,,,
Brunei Darussalam,BRN,"Government expenditure on education, total (% of government expenditure)",SE.XPD.TOTL.GB.ZS,,,,,,,,,,,,,,,,,,,,,,13.07099,11.23897,,,,,9.58601,11.84343,10.06579,8.71027,8.22682,9.18063,9.276,,,,,8.76089,8.89343,8.92074,,,,,,,,,,5.30208,9.18219,9.72642,,9.9846,,11.44195,,,,
Bhutan,BTN,"Government expenditure on education, total (% of government expenditure)",SE.XPD.TOTL.GB.ZS,,,,,,,,,,,,,,,,,,,,,,,,,,,,,,,,,,,,,,,,,13.77201,13.08501,,,18.69831,22.84906,,,15.02172,14.13973,11.02578,11.28502,,16.16983,17.82422,26.35213,26.18062,24.04098,22.76646,,
Botswana,BWA,"Government expenditure on education, total (% of government expenditure)",SE.XPD.TOTL.GB.ZS,,,,,,,,,,,,,,,,,,,,,,,,14.32691,15.5187,15.42983,15.49169,16.69395,16.03128,,16.51088,,16.31502,,,,,,,,,,,,,25.82353,,26.50779,,20.4774,,,,,,,,,,,
Central African Republic,CAF,"Government expenditure on education, total (% of government expenditure)",SE.XPD.TOTL.GB.ZS,,,,,,,,,,,,,,,,,,,,,,,,,,,,,,,11.14008,9.92337,,,,,,,,8.94932,9.93077,,9.21473,12.02802,12.06446,9.68047,10.05424,9.86948,7.86,7.83693,6.47538,7.82546,,,,,,,,,
Canada,CAN,"Government expenditure on education, total (% of government expenditure)",SE.XPD.TOTL.GB.ZS,,,,,,,,,,,,,,,,,,,,,,15.5789,15.53181,14.77497,14.0908,13.23688,12.6832,13.45583,13.53854,13.56977,13.19062,14.2638,13.11614,14.62348,12.93443,12.86363,,,12.63958,12.74188,12.9826,12.21224,12.1479,,,12.17807,,12.32856,12.00996,12.48364,12.33596,12.21914,,,,,,,,,
Central Europe and the Baltics,CEB,"Government expenditure on education, total (% of government expenditure)",SE.XPD.TOTL.GB.ZS,,,,,,,,,,,,,,,,,,,,,,,,,,,,,,,,,,,,,14.72865,,11.27881,10.139015,10.32361,11.14328,10.92235,11.64438,11.0059,12.07252,12.66541,11.26715,11.61622,11.07648,11.06464,10.98486,10.958945,10.71742,11.27432,11.54798,11.74521,,,,
Switzerland,CHE,"Government expenditure on education, total (% of government expenditure)",SE.XPD.TOTL.GB.ZS,,,,,,,,,,,,,,,,,,,,,,,,,15.72518,15.65257,15.86462,15.58489,16.29344,15.94885,17.32631,17.31716,,16.31759,15.68916,15.47743,15.44456,,14.70215,14.46688,14.64065,15.42771,15.31152,16.33489,16.22231,15.8207,15.97005,15.67513,16.00964,15.64362,15.39088,15.5535,15.64387,15.209,15.4618,15.52885,15.51253,,,,
Channel Islands,CHI,"Government expenditure on education, total (% of government expenditure)",SE.XPD.TOTL.GB.ZS,,,,,,,,,,,,,,,,,,,,,,,,,,,,,,,,,,,,,,,,,,,,,,,,,,,,,,,,,,,,,
Chile,CHL,"Government expenditure on education, total (% of government expenditure)",SE.XPD.TOTL.GB.ZS,,,,,,,,,,,,,,,,,,,,,,,,,,,,,,,,,,13.51883,14.13242,15.02462,15.75999,14.50414,15.17037,15.65222,16.42791,,17.4506,17.63722,17.02105,16.19909,16.23128,16.74641,17.40113,17.03561,17.84356,17.74974,,19.64569,19.92072,19.59405,21.15548,21.29961,,,
China,CHN,"Government expenditure on education, total (% of government expenditure)",SE.XPD.TOTL.GB.ZS,,,,,,,,,,,,,,,,,,,,,,,,9.56325,9.76224,10.68738,10.43901,9.46158,10.74394,,,,12.29053,14.77395,20.06494,18.71717,19.50534,,14.55141,12.63156,,,,,,,,,,,,,,,,,,,,,
Cote d'Ivoire,CIV,"Government expenditure on education, total (% of government expenditure)",SE.XPD.TOTL.GB.ZS,,,,,,,,,,,,,,,,,,,,,,,,,,,,,,,,,,,,,,19.22015,18.81475,21.67118,20.80695,23.20203,22.5923,22.64823,22.10716,21.84569,20.01789,20.75588,21.52691,22.19047,22.77275,22.42686,20.85876,21.57473,21.76678,21.17322,22.51621,20.68033,18.33167,,
Cameroon,CMR,"Government expenditure on education, total (% of government expenditure)",SE.XPD.TOTL.GB.ZS,,,,,,,,,,,,,,,,,,,,,,,,,,,,,,,,,,,,,,,,,11.6837,15.73394,,21.44202,20.84712,21.37761,20.31265,21.37934,15.70061,19.77979,18.75389,14.86777,15.17622,13.82495,12.92925,13.24399,12.69469,15.91162,16.88316,,
"Congo, Dem. Rep.",COD,"Government expenditure on education, total (% of government expenditure)",SE.XPD.TOTL.GB.ZS,,,,,,,,,,,,,,,,,,,,,,,,,,,,,,,,,,,,,,,,,,,,,,,,,,,9.5785,,,16.17474,10.55392,11.73837,14.63542,14.00642,,,
"Congo, Rep.",COG,"Government expenditure on education, total (% of government expenditure)",SE.XPD.TOTL.GB.ZS,,,,,,,,,,,,,,,,,,,,,,,,,,,,,,,,,,,22.41247,14.70778,,,14.12653,,,,9.05485,9.51995,8.56181,7.59782,,,,,24.72778,,,,6.55592,7.9504,,15.6822,15.56768,,
Colombia,COL,"Government expenditure on education, total (% of government expenditure)",SE.XPD.TOTL.GB.ZS,,,,,,,,,,,,,,,,,,,,,,,,,18.09229,16.40752,,,,17.22545,,,,,,,,,12.47536,13.15193,13.28683,13.46772,15.29956,15.53726,15.43978,15.53561,13.76883,14.48145,14.67729,16.08117,16.41858,15.52914,15.51283,16.90079,15.73606,15.13378,16.13978,16.14032,15.98262,,
Comoros,COM,"Government expenditure on education, total (% of government expenditure)",SE.XPD.TOTL.GB.ZS,,,,,,,,,,,,,,,,,,,,,,,,,,,,,,,,,,,,,,,17.13507,,,,15.78972,,,,,,29.23312,,,21.41487,18.49151,16.07073,18.88953,13.25365,,,,,
Cabo Verde,CPV,"Government expenditure on education, total (% of government expenditure)",SE.XPD.TOTL.GB.ZS,,,,,,,,,,,,,,,,,,,,,,,,,,,,,,,,,,,,,,,17.25592,16.76194,,,19.76623,,20.84048,,17.54058,18.32875,18.24099,15.88655,14.2169,15.15328,,14.77823,16.28219,16.74823,17.84301,16.41258,,,
Costa Rica,CRI,"Government expenditure on education, total (% of government expenditure)",SE.XPD.TOTL.GB.ZS,,,,,,,,,,,,,,,,,,,,,,,,,,,30.32237,,18.36396,17.65909,,,,,,16.74369,19.11466,,,21.92369,18.81951,19.15282,19.2405,20.15172,20.43089,,20.64334,21.02189,20.81096,23.40822,22.88089,23.00962,23.50156,22.83091,23.10953,23.37343,23.4232,30.15142,26.08667,,
Caribbean small states,CSS,"Government expenditure on education, total (% of government expenditure)",SE.XPD.TOTL.GB.ZS,,,,,,,,,,,,,,,,,,,,,,,,,,,,,,12.90589,13.85188,16.35377,12.75157,12.798,16.70002,15.12972,14.410475,13.716215,8.92667,11.23004,14.26386,16.07829,16.32457,13.636205,11.73302,14.26937,,17.17305,19.11938,17.55284,16.10294,18.58193,18.80926,20.57386,21.79749,20.05148,19.14512,18.40254,18.584,,
Cuba,CUB,"Government expenditure on education, total (% of government expenditure)",SE.XPD.TOTL.GB.ZS,,,,,,,,,,,,,,,,,,,,,,,,,,,,,,,,,,,,,,,,,,,,,,,,,,,,,,,,,,,,,
Curacao,CUW,"Government expenditure on education, total (% of government expenditure)",SE.XPD.TOTL.GB.ZS,,,,,,,,,,,,,,,,,,,,,,,,,,,,,,,,,,,,,,,,,,,,,,,,,,,,,,,,,,,,,
Cayman Islands,CYM,"Government expenditure on education, total (% of government expenditure)",SE.XPD.TOTL.GB.ZS,,,,,,,,,,,,,,,,,,,,,,,,,,,,,,,,,,,,,,,,,,,,,,,,,,,,,,,,,,,,,
Cyprus,CYP,"Government expenditure on education, total (% of government expenditure)",SE.XPD.TOTL.GB.ZS,,,,,,,,,,,,,,,,,,,,,,,,,,,,,,,,,,,,,,,,13.90412,14.26831,14.32157,14.91421,16.51523,15.83298,15.83936,16.17962,16.72048,17.59075,17.20125,15.64949,15.49765,,15.36213,15.92778,16.21095,16.69229,,,,
Czech Republic,CZE,"Government expenditure on education, total (% of government expenditure)",SE.XPD.TOTL.GB.ZS,,,,,,,,,,,,,,,,,,,,,,,,,,,,,,,,,,,,,9.24754,,8.54842,8.90853,8.91229,8.67646,8.8648,8.38266,9.43307,9.20297,10.19694,9.57695,9.21464,9.43733,9.34049,9.92718,9.55685,9.60244,9.41373,13.88252,14.1515,,,,
Germany,DEU,"Government expenditure on education, total (% of government expenditure)",SE.XPD.TOTL.GB.ZS,,,,,,,,,,,,,,,,,,,,,,,,,,,,,,,,,,9.58297,9.39557,9.50417,8.27008,,9.26752,,,,,,,,9.49249,10.06227,10.0362,10.18564,10.26904,10.66542,11.03474,11.03833,11.14962,10.97799,10.92541,,,,
Djibouti,DJI,"Government expenditure on education, total (% of government expenditure)",SE.XPD.TOTL.GB.ZS,,,,,,,,,,,,,,,,,,,,,,,,,,,,,,,,,,,,,,,,22.89607,29.38595,26.28002,25.48931,24.27149,24.70114,22.71505,24.70796,22.52744,,,12.3284,,,,,8.57644,12.00851,13.2547,13.99153,,
Dominica,DMA,"Government expenditure on education, total (% of government expenditure)",SE.XPD.TOTL.GB.ZS,,,,,,,,,,,,,,,,,,,,,,,,,,,,,,,,,,,,,,,17.1116,11.41962,,,,,,,,,,,,,,,,10.5221,,,,,
Denmark,DNK,"Government expenditure on education, total (% of government expenditure)",SE.XPD.TOTL.GB.ZS,,,,,,,,,,,,,,,,,,,,,,,,,,,11.4157,12.2943,12.40994,11.18606,,10.6013,,13.87737,13.47953,13.14821,14.14248,,14.63437,14.54371,15.34415,15.54854,15.43388,15.14175,15.48686,15.77934,15.51264,15.3567,14.83026,14.94417,15.10334,15.03626,12.48871,15.21744,13.82682,,,,,,
Dominican Republic,DOM,"Government expenditure on education, total (% of government expenditure)",SE.XPD.TOTL.GB.ZS,,,,,,,,,,,,,,,,,,,,,,,,,,,,,,,,,,,,,,,,,12.98848,12.50729,12.07972,9.70181,,,,12.57788,,,,,,,,,,,,,
Algeria,DZA,"Government expenditure on education, total (% of government expenditure)",SE.XPD.TOTL.GB.ZS,,,,,,,,,,,,,,,,,,,,,,,,,,,,,,,,,,,,,,,,,,,,,,,,,11.42835,,,,,,,,,,,,
East Asia & Pacific (excluding high income),EAP,"Government expenditure on education, total (% of government expenditure)",SE.XPD.TOTL.GB.ZS,,,,,,,,,,,,,,,,,,,,,,,,,,,,,,,,,,,,,,,,,15.640765,12.7549,15.26266,,14.1703,,,14.94431,14.03864,14.51142,15.46688,12.15085,16.248825,16.48569,,,,,,,
Early-demographic dividend,EAR,"Government expenditure on education, total (% of government expenditure)",SE.XPD.TOTL.GB.ZS,,,,,,,,,,,,,,,,,,,,,,,,,,,,,,,,,,,,,,,,,16.47833,16.497545,16.18775,16.310595,15.5741,,17.883675,17.78655,16.564,,16.16422,15.34338,15.81547,,16.945705,,,,,,
East Asia & Pacific,EAS,"Government expenditure on education, total (% of government expenditure)",SE.XPD.TOTL.GB.ZS,,,,,,,,,,,,,,,,,,,,,,,,,,,,,,,,,,,,,,,,,,,16.49723,,16.43948,,,14.98482,14.07769,15.239,15.955565,15.77792,17.92882,16.55307,14.275945,,,,,,
Europe & Central Asia (excluding high income),ECA,"Government expenditure on education, total (% of government expenditure)",SE.XPD.TOTL.GB.ZS,,,,,,,,,,,,,,,,,,,,,,,,,,,,,,,,,,,,,,,,,,12.586455,13.617115,12.59359,12.66705,12.92163,12.89539,11.56083,12.8005,13.0409,,12.109995,12.560635,,,11.389715,12.50966,12.3908,,,
Europe & Central Asia,ECS,"Government expenditure on education, total (% of government expenditure)",SE.XPD.TOTL.GB.ZS,,,,,,,,,,,,,,,,,,,,,,,,,,,,,,,,,,,,,11.84667,,11.445615,11.76006,11.8693,12.31025,12.36966,12.49294,12.665655,12.33591,12.71962,11.974715,12.53078,12.07575,11.77813,11.88771,11.9912,12.09424,12.1508,12.17073,12.344125,,,,
Ecuador,ECU,"Government expenditure on education, total (% of government expenditure)",SE.XPD.TOTL.GB.ZS,,,,,,,,,,,,,,,,,,,,,,,,,,,,,,,,,,,,,,,10.84614,6.66582,4.9573,,,,,,,,,13.17257,12.99656,11.97611,11.53415,11.44254,12.06831,12.59765,,,,,
"Egypt, Arab Rep.",EGY,"Government expenditure on education, total (% of government expenditure)",SE.XPD.TOTL.GB.ZS,,,,,,,,,,,,,,,,,,,,,,,,,,,,,,,,,,,,,,,,,,,,15.3519,14.74871,15.04361,11.01859,11.20964,10.9418,,,,,,,,,,,,
Euro area,EMU,"Government expenditure on education, total (% of government expenditure)",SE.XPD.TOTL.GB.ZS,,,,,,,,,,,,,,,,,,,,,,,,,,,,9.091005,9.593695,,10.61633,11.032585,,10.42579,10.402905,10.63163,10.70875,,10.74723,11.27061,11.08149,12.09582,11.9002,11.65633,12.32795,11.71195,11.97108,11.95635,12.1154,11.84332,11.66905,11.88771,11.77607,11.89315,12.01019,12.17073,12.176795,,,,
Eritrea,ERI,"Government expenditure on education, total (% of government expenditure)",SE.XPD.TOTL.GB.ZS,,,,,,,,,,,,,,,,,,,,,,,,,,,,,,,,,,,,,2.91513,,6.25092,5.56554,,5.86161,5.63338,,5.74185,,5.16807,,,,,,,,,,,,,,
Spain,ESP,"Government expenditure on education, total (% of government expenditure)",SE.XPD.TOTL.GB.ZS,,,,,,,,,,,,,,,,,,,,,,,,,,,,8.8213,9.61526,10.31713,10.11695,10.00686,9.70611,10.0219,10.24136,10.63163,10.70875,,10.48723,10.69392,10.66263,10.71261,10.709,10.88755,10.72426,10.77912,10.88591,10.84699,10.9364,10.63257,10.56192,10.61811,9.21341,9.49991,9.54349,9.77104,9.97324,,,,
Estonia,EST,"Government expenditure on education, total (% of government expenditure)",SE.XPD.TOTL.GB.ZS,,,,,,,,,,,,,,,,,,,,,,,,,,,,,,,,,,,,,19.68368,17.69421,16.02168,16.35712,14.6785,14.94748,15.14523,15.04903,14.30608,14.2577,,13.68231,13.87971,12.93009,13.64279,13.4062,11.9912,12.58262,14.26602,12.9666,13.10831,,,,
Ethiopia,ETH,"Government expenditure on education, total (% of government expenditure)",SE.XPD.TOTL.GB.ZS,,,,,,,,,,,,,,,,,,,,,12.35554,12.48699,12.17817,9.70132,11.82013,10.08913,10.32175,,,,,,,13.26484,,,13.04414,14.86992,,,14.90773,14.46177,16.18775,,,,23.97538,24.69945,26.35573,23.58375,26.30404,29.67443,30.53954,27.0211,25.91838,27.09871,,,,,
European Union,EUU,"Government expenditure on education, total (% of government expenditure)",SE.XPD.TOTL.GB.ZS,,,,,,,,,,,,,,,,,,,,,,,,,,,,,,,,,,10.42579,,10.63163,10.79635,,10.74723,10.8919,11.08149,11.49444,11.2315,11.64438,11.44142,12.07252,12.14715,11.51495,11.87849,11.61846,11.06464,11.10005,11.130855,11.51887,11.57975,11.859355,12.02524,,,,
Fragile and conflict affected situations,FCS,"Government expenditure on education, total (% of government expenditure)",SE.XPD.TOTL.GB.ZS,,,,,,,,,,,,,,,,,,,,,,,,,,,,,,,,,,,,,,,,,,,,,,,,,,,,,,14.1028,,,,15.66138,,,
Finland,FIN,"Government expenditure on education, total (% of government expenditure)",SE.XPD.TOTL.GB.ZS,,,,,,,,,,,,,,,,,,,,,,12.45374,12.0561,11.65971,10.90627,11.56015,11.10585,11.21802,11.2561,11.45681,12.07531,12.8586,11.4066,12.44588,11.41804,11.90164,11.84667,,,11.76006,12.17092,12.63445,12.68253,12.77597,12.77896,12.2497,12.28382,12.14995,12.1154,11.84332,11.94549,11.91888,12.79729,12.44551,12.30714,12.41213,12.33513,,,,
Fiji,FJI,"Government expenditure on education, total (% of government expenditure)",SE.XPD.TOTL.GB.ZS,,,,,,,,,,,,,,,,,,,,,,,,,,,,,,,,,,,,,,,19.00093,20.53511,21.75859,19.63864,21.03781,,23.74915,20.26613,20.84329,23.1704,17.36972,15.85362,,15.23479,,14.30039,,,,,,,
France,FRA,"Government expenditure on education, total (% of government expenditure)",SE.XPD.TOTL.GB.ZS,,,,,,,,,,,,,,,,,,,,,,11.50818,11.38776,10.72234,10.42568,10.06159,9.67574,9.36071,9.57213,9.48339,9.64038,10.00684,9.56818,10.42579,10.52883,10.94588,10.79635,,10.74723,10.78116,,,,,,,,,,,,,,,,,,,,,
Faroe Islands,FRO,"Government expenditure on education, total (% of government expenditure)",SE.XPD.TOTL.GB.ZS,,,,,,,,,,,,,,,,,,,,,,,,,,,,,,,,,,,,,,,,,,,,,,,,,,,,,,,,,,,,,
"Micronesia, Fed. Sts.",FSM,"Government expenditure on education, total (% of government expenditure)",SE.XPD.TOTL.GB.ZS,,,,,,,,,,,,,,,,,,,,,,,,,,,,,,,,,,,,,,,,8.78498,9.96512,,,,,,,,,,,,,,,22.31239,,,,,
Gabon,GAB,"Government expenditure on education, total (% of government expenditure)",SE.XPD.TOTL.GB.ZS,,,,,,,,,,,,,,,,,,,,,,,,,,,,,,,,,10.20018,,,,,,7.05811,11.34816,17.70649,,,,,,,,,,13.33042,13.74125,12.58227,8.73757,11.22549,,,,,,
United Kingdom,GBR,"Government expenditure on education, total (% of government expenditure)",SE.XPD.TOTL.GB.ZS,,,,,,,,,,,,,,,,,,,,,,12.64421,11.60222,11.40756,11.20601,10.45942,10.21579,10.50665,10.78651,11.13732,11.1656,10.91144,11.19357,,11.88866,11.96908,11.75599,,12.22012,11.7498,12.02011,12.25854,13.51474,13.60071,12.93768,13.17415,13.13644,13.03284,12.95477,12.61481,13.02604,12.6972,,12.91605,13.66837,13.83661,13.8311,,,,
Georgia,GEO,"Government expenditure on education, total (% of government expenditure)",SE.XPD.TOTL.GB.ZS,,,,,,,,,,,,,,,,,,,,,,,,,,,,,,,,,,,,,,,10.85143,10.60486,12.54072,12.36196,13.60351,12.49294,15.03676,11.18125,12.89539,9.48665,8.9376,8.99825,,9.26943,6.70776,,,,12.6662,12.95336,,,
Ghana,GHA,"Government expenditure on education, total (% of government expenditure)",SE.XPD.TOTL.GB.ZS,,,,,,,,,,,,,,,,,,,,,7.64188,7.74814,13.83194,,,,34.3092,24.668,23.93286,,,,,,,,,,,14.8927,,15.74111,,,22.37925,23.42996,24.16198,22.31702,24.0375,22.49513,20.69614,30.63431,37.52096,21.22221,20.98514,23.8088,22.09332,20.09764,18.59817,,
Gibraltar,GIB,"Government expenditure on education, total (% of government expenditure)",SE.XPD.TOTL.GB.ZS,,,,,,,,,,,,,,,,,,,,,,,,,,,,,,,,,,,,,,,,,,,,,,,,,,,,,,,,,,,,,
Guinea,GIN,"Government expenditure on education, total (% of government expenditure)",SE.XPD.TOTL.GB.ZS,,,,,,,,,,,,,,,,,,,,,,,,,,,,,,,,9.99653,11.53745,11.4485,,,,,,14.65855,15.19597,10.31576,13.06432,11.62475,12.3133,10.94747,,,15.67826,13.5834,12.43832,14.25931,9.46061,14.13281,11.98951,11.59878,15.76886,13.37679,14.87012,,
"Gambia, The",GMB,"Government expenditure on education, total (% of government expenditure)",SE.XPD.TOTL.GB.ZS,,,,,,,,,,,,,,,,,,,,,,,,,,,,,,,,,,,,,,,,,11.9218,8.20527,10.94752,8.46884,5.02954,5.34417,5.36076,7.2975,18.88171,13.29374,17.61123,15.11833,13.79553,10.28876,11.75232,11.03293,10.35779,,11.18827,,
Guinea-Bissau,GNB,"Government expenditure on education, total (% of government expenditure)",SE.XPD.TOTL.GB.ZS,,,,,,,,,,,,,,,,,,,,,,,,,,,,,,,,,,,,,,,,16.7431,,,,,,,,,,,9.06924,10.19974,14.5398,16.19138,,,,,,,
Equatorial Guinea,GNQ,"Government expenditure on education, total (% of government expenditure)",SE.XPD.TOTL.GB.ZS,,,,,,,,,,,,,,,,,,,,,,,,,,,,,,,,,,,,,,,5.24814,,,,,,,,,,,,,,,,,,,,,,
Greece,GRC,"Government expenditure on education, total (% of government expenditure)",SE.XPD.TOTL.GB.ZS,,,,,,,,,,,,,,,,,,,,,,8.38179,7.66137,7.11834,7.54852,,6.48871,6.20449,6.77641,7.18172,7.19843,6.29203,,,,,,,6.40668,6.56005,6.95777,7.31652,7.47716,7.3604,7.70183,8.70021,,,,,,,,,,,,,,,
Grenada,GRD,"Government expenditure on education, total (% of government expenditure)",SE.XPD.TOTL.GB.ZS,,,,,,,,,,,,,,,,,,,,,,,,,,,,,,,,,,,,,,,,,,,,10.80899,,,,,,,,,,,,,,14.04117,,,
Greenland,GRL,"Government expenditure on education, total (% of government expenditure)",SE.XPD.TOTL.GB.ZS,,,,,,,,,,,,,,,,,,,,,,,,,,,,,,,,,,,,,,,,,,,,,,,,,,,,,,,,,,,,,
Guatemala,GTM,"Government expenditure on education, total (% of government expenditure)",SE.XPD.TOTL.GB.ZS,,,,,,,,,,,,,,,,,,,,,,,,,,,,,,,,,,,,,18.72338,,,,,,,,,,20.33845,21.27816,23.34816,,19.29692,20.24641,21.10514,20.63795,21.95939,24.0855,23.43475,23.08805,23.74954,,
Guam,GUM,"Government expenditure on education, total (% of government expenditure)",SE.XPD.TOTL.GB.ZS,,,,,,,,,,,,,,,,,,,,,,,,,,,,,,,,,,,,,,,,,,,,,,,,,,,,,,,,,,,,,
Guyana,GUY,"Government expenditure on education, total (% of government expenditure)",SE.XPD.TOTL.GB.ZS,,,,,,,,,,,,,,,,,,,,,,,,,,,,,,,,,,,,,,,,22.6878,17.65684,16.55556,16.90001,13.81456,11.08074,13.82344,13.48169,11.52616,,10.23917,11.83872,11.72072,10.1867,,18.73569,17.80268,18.71751,17.63573,15.99738,,
High income,HIC,"Government expenditure on education, total (% of government expenditure)",SE.XPD.TOTL.GB.ZS,,,,,,,,,,,,,,,,,,,,,,,,,,,,,,,,,,,,12.276145,12.57402,,11.756035,12.00978,12.17092,12.614085,12.798835,13.241415,13.44245,13.17415,13.1782,12.89666,12.95477,12.61481,12.208075,12.63298,12.48871,12.749335,12.88008,12.689365,13.0008,,,,
"Hong Kong SAR, China",HKG,"Government expenditure on education, total (% of government expenditure)",SE.XPD.TOTL.GB.ZS,,,,,,,,,,,,,,,,,,,,,,,9.40811,15.28794,15.87032,18.57813,,,,,18.54078,,21.20814,,,,16.66867,,,,,22.41878,22.20729,23.24429,23.15106,22.47858,23.2826,22.63778,22.9224,23.79947,19.90941,20.14833,18.64948,20.3008,17.6204,18.60857,18.12696,17.84128,18.78784,,
Honduras,HND,"Government expenditure on education, total (% of government expenditure)",SE.XPD.TOTL.GB.ZS,,,,,,,,,,,,,,,,,,,,,,,,,,,,,,,,,,,12.88875,17.87564,,,,,,,,,,,,,,,,,,19.86407,25.65362,24.64456,,,22.95436,,
Heavily indebted poor countries (HIPC),HPC,"Government expenditure on education, total (% of government expenditure)",SE.XPD.TOTL.GB.ZS,,,,,,,,,,,,,,,,,,,,,,,,,,,,,,,,,,,,,,,,,14.740715,,,,14.96151,16.97919,,,16.17733,17.79327,17.30781,15.230855,15.89538,16.391725,17.344255,17.221215,15.76886,16.137185,17.461885,,
Croatia,HRV,"Government expenditure on education, total (% of government expenditure)",SE.XPD.TOTL.GB.ZS,,,,,,,,,,,,,,,,,,,,,,,,,,,,,,,,,,,,,,,,,,,7.55612,7.75087,7.83662,,,8.73112,9.4254,9.07877,8.83678,8.55059,,9.56341,,,,,,,
Haiti,HTI,"Government expenditure on education, total (% of government expenditure)",SE.XPD.TOTL.GB.ZS,,,,,,,,,,,,,,,,,,,,,,,,,,,,,,,,,,,,,,,,,,,,,,,,,,,,,,,11.98415,14.56778,13.10692,15.3677,14.44035,,
Hungary,HUN,"Government expenditure on education, total (% of government expenditure)",SE.XPD.TOTL.GB.ZS,,,,,,,,,,,,,,,,,,,,,,,,,,,,,,,,,,,,,9.59911,,8.6998,9.38613,10.32361,10.45507,10.17915,11.82977,11.0059,10.80057,10.32771,10.33817,10.27056,9.86438,9.67102,9.29022,8.59944,8.51606,9.3679,9.12867,10.06791,,,,
IBRD only,IBD,"Government expenditure on education, total (% of government expenditure)",SE.XPD.TOTL.GB.ZS,,,,,,,,,,,,,,,,,,,,,,,,,,,,,,,,,,,,,,,,15.575115,15.66257,13.91591,14.57806,14.914575,14.23504,14.00401,13.673675,14.14177,14.488205,14.890875,15.04797,14.502365,14.73944,15.006445,,,15.6049,,,,
IDA & IBRD total,IBT,"Government expenditure on education, total (% of government expenditure)",SE.XPD.TOTL.GB.ZS,,,,,,,,,,,,,,,,,,,,,,,,,,,,,,,,,,,,,,,,,15.201365,15.48632,15.14647,15.851335,14.74871,15.04361,15.572925,15.78509,15.59151,15.89646,16.06913,15.09788,15.51283,15.55899,15.92332,16.49746,15.68688,15.6822,,,
IDA total,IDA,"Government expenditure on education, total (% of government expenditure)",SE.XPD.TOTL.GB.ZS,,,,,,,,,,,,,,,,,,,,,,,,,,,,,,,,,,,,,,,,,14.740715,15.72974,,,16.098465,16.7684,,,16.17733,16.95941,16.17282,15.09788,15.89538,16.19138,16.70753,16.664825,15.76886,15.82094,16.83214,,
IDA blend,IDB,"Government expenditure on education, total (% of government expenditure)",SE.XPD.TOTL.GB.ZS,,,,,,,,,,,,,,,,,,,,,,,,,,,,,,,,,,,,,,,,,,,,,16.038235,17.57756,,,,,15.309275,,15.17622,16.48032,12.92925,13.215635,15.06348,15.79691,16.22542,,
Indonesia,IDN,"Government expenditure on education, total (% of government expenditure)",SE.XPD.TOTL.GB.ZS,,,,,,,,,,,,,,,,,,,,,,,,,,,,,,,,,,,5.86397,6.14646,7.49682,7.71022,,,,11.59389,14.36905,16.27818,14.1703,15.1488,,14.94431,13.67475,19.30844,16.65418,18.00613,18.09042,17.60393,17.67152,20.5033,,,,,
IDA only,IDX,"Government expenditure on education, total (% of government expenditure)",SE.XPD.TOTL.GB.ZS,,,,,,,,,,,,,,,,,,,,,,,,,,,,,,,,,,,,,,,,,14.90773,15.66206,15.475225,,16.098465,16.7684,17.76236,,17.037165,17.185165,16.17282,15.11833,16.13294,16.19138,17.2971,16.976285,15.880085,16.046505,16.914565,,
Isle of Man,IMN,"Government expenditure on education, total (% of government expenditure)",SE.XPD.TOTL.GB.ZS,,,,,,,,,,,,,,,,,,,,,,,,,,,,,,,,,,,,,,,,,,,,,,,,,,,,,,,,,,,,,
India,IND,"Government expenditure on education, total (% of government expenditure)",SE.XPD.TOTL.GB.ZS,,,,,,,,,,,,,,,,,,,,,,,,,,,,,,,,,,,,,,13.32223,14.15927,16.95983,16.73051,,,12.4108,11.19686,11.20846,11.69371,,,11.1912,11.83368,13.56491,13.99212,14.05018,,,,,,,
Not classified,INX,"Government expenditure on education, total (% of government expenditure)",SE.XPD.TOTL.GB.ZS,,,,,,,,,,,,,,,,,,,,,,,,,,,,,,,,,,,,,,,,,,,,,,,,,,,,,,,,,,,,,
Ireland,IRL,"Government expenditure on education, total (% of government expenditure)",SE.XPD.TOTL.GB.ZS,,,,,,,,,,,,,,,,,,,,,,14.5979,12.90379,11.47087,11.14891,11.09215,9.70322,10.46805,10.41049,10.79701,11.56156,11.28435,11.65904,11.89464,12.64975,12.58321,12.78271,,12.41675,12.19677,13.39741,12.59372,12.36966,12.74792,13.52982,13.56242,13.42976,13.12242,13.02137,13.05178,9.28401,12.56876,13.71611,13.21434,13.01701,13.01199,13.41122,,,,
"Iran, Islamic Rep.",IRN,"Government expenditure on education, total (% of government expenditure)",SE.XPD.TOTL.GB.ZS,,,,,,,,,,,,,,,,,,,,,,,,,,,,,,,,18.34697,20.63262,23.71528,,14.54696,13.56692,,,20.11292,20.63385,24.42417,26.33352,21.65296,21.47405,22.32196,20.21824,19.87443,20.57943,18.02354,18.80435,19.1267,17.39562,21.67391,19.66486,18.56875,19.30131,20.04203,21.14568,,
Iraq,IRQ,"Government expenditure on education, total (% of government expenditure)",SE.XPD.TOTL.GB.ZS,,,,,,,,,,,,,,,,,,,,,,,,,,,,,,,,,,,,,,,,,,,,,,,,,,,,,,,,,,,,,
Iceland,ISL,"Government expenditure on education, total (% of government expenditure)",SE.XPD.TOTL.GB.ZS,,,,,,,,,,,,,,,,,,,,,,,,,,,,,,,11.57631,,,11.90876,11.27032,11.02835,12.6854,,16.70634,15.5717,15.73919,16.20941,17.08739,16.3759,16.80609,17.81014,17.92558,17.21786,13.03326,15.16024,14.60397,15.41712,17.33145,17.66942,17.54882,18.15799,16.83943,,,,
Israel,ISR,"Government expenditure on education, total (% of government expenditure)",SE.XPD.TOTL.GB.ZS,,,,,,,,,,,,,,,,,,,,,,,,,,,,,,,,,,,,,,,,,12.95934,12.92301,12.56765,13.56191,13.44245,13.19577,13.42577,13.30529,13.17294,13.05765,13.71379,13.99305,14.10835,14.58552,14.86271,15.53671,15.45475,,,,
Italy,ITA,"Government expenditure on education, total (% of government expenditure)",SE.XPD.TOTL.GB.ZS,,,,,,,,,,,,,,,,,,,,,,,,,,,,,,,,,,8.71679,8.23961,8.59517,9.11614,,9.2389,9.54947,9.2225,9.82544,9.50514,9.64084,9.38801,9.01373,9.52719,8.80193,9.20517,8.86717,8.72395,8.39238,8.04118,8.1558,8.00647,8.12043,7.80857,,,,
Jamaica,JAM,"Government expenditure on education, total (% of government expenditure)",SE.XPD.TOTL.GB.ZS,,,,,,,,,,,,,,,,,,,,,,,,,,,,,,,,16.35377,12.75157,12.798,18.38851,15.36104,15.53602,15.39999,,,16.7966,19.99115,18.36393,13.36234,11.73302,14.26937,,17.17305,19.11938,17.55284,16.10294,18.58193,18.80926,20.57386,21.79749,20.05148,19.14512,18.40254,18.584,,
Jordan,JOR,"Government expenditure on education, total (% of government expenditure)",SE.XPD.TOTL.GB.ZS,,,,,,,,,,,,,,,,,,,,,,,,,,,8.76024,9.88008,9.82438,13.08642,,,,,,,21.56406,18.41103,,14.66426,,,,,,,,,,,,,,,,,13.28498,12.07011,11.6147,,
Japan,JPN,"Government expenditure on education, total (% of government expenditure)",SE.XPD.TOTL.GB.ZS,,,,,,,,,,,,,,,,,,,,,,,,,,,,,,,,,,,,,,,,,,,,,,,,,,,,,,9.30925,9.09332,,8.37991,,,,
Kazakhstan,KAZ,"Government expenditure on education, total (% of government expenditure)",SE.XPD.TOTL.GB.ZS,,,,,,,,,,,,,,,,,,,,,,,,,,,,,,,,,,,,,,,,,,,14.75948,,10.60968,10.28595,13.2667,11.94447,13.64694,13.0409,,,,,,12.19304,13.83842,11.41991,13.88018,,
Kenya,KEN,"Government expenditure on education, total (% of government expenditure)",SE.XPD.TOTL.GB.ZS,,,,,,,,,,,,,,,,,,,,,,,16.33731,17.39658,14.53317,15.55566,17.6608,,19.46574,17.08765,,18.64015,15.95073,13.86448,14.95128,,,,,24.54855,23.39701,22.39571,25.62821,24.98009,26.66815,27.46934,25.0814,,,,20.55599,19.25283,19.9239,19.13569,17.08103,16.66466,17.35457,17.7087,19.10403,,
Kyrgyz Republic,KGZ,"Government expenditure on education, total (% of government expenditure)",SE.XPD.TOTL.GB.ZS,,,,,,,,,,,,,,,,,,,,,,,,,,,,,,,,,,,,,18.76005,,13.6927,11.38732,11.6113,13.72139,15.14647,15.93953,16.24381,16.7684,19.0526,21.85146,21.20624,19.15301,15.68131,18.17253,18.19501,17.77379,14.19719,15.63864,16.51057,15.73026,,,
Cambodia,KHM,"Government expenditure on education, total (% of government expenditure)",SE.XPD.TOTL.GB.ZS,,,,,,,,,,,,,,,,,,,,,,,,,,,,,,,,,,,,,,,9.392,,11.07901,11.38079,10.13757,,12.40431,,,11.10351,,8.16524,7.33747,7.3354,7.19985,9.59707,8.7916,,,,8.83898,,
Kiribati,KIR,"Government expenditure on education, total (% of government expenditure)",SE.XPD.TOTL.GB.ZS,,,,,,,,,,,,,,,,,,,,,,,,,,,,,,,,,,,,,,,,12.50751,15.26542,11.51614,,,,,,,,,,,,,,,,,,,
St. Kitts and Nevis,KNA,"Government expenditure on education, total (% of government expenditure)",SE.XPD.TOTL.GB.ZS,,,,,,,,,,,,,,,,,,,,,,,,,,19.16774,,13.00741,,9.14,,11.22642,15.21414,,,13.37853,,,14.53252,10.32295,13.68505,14.20753,11.05933,12.28806,11.79026,11.05621,12.47841,13.05181,,,,,,,,8.6355,,,,,
"Korea, Rep.",KOR,"Government expenditure on education, total (% of government expenditure)",SE.XPD.TOTL.GB.ZS,,,,,,,,,,,,,,,,,,,,,,,,,,,,,,,,,,,,,,,,,,,,,,,,,,,,,,,,,,,,,
Kuwait,KWT,"Government expenditure on education, total (% of government expenditure)",SE.XPD.TOTL.GB.ZS,,,,,,,,,,,,,,,,,,,,,,,,,,,,,,,,,8.39749,,,,11.32546,13.09107,,,,18.01418,15.25836,,14.95361,13.85411,13.37001,,,,,,,,,,,,,,
Latin America & Caribbean (excluding high income),LAC,"Government expenditure on education, total (% of government expenditure)",SE.XPD.TOTL.GB.ZS,,,,,,,,,,,,,,,,,,,,,,,,,,,,,,,,,,,,,,,,14.7168,14.912035,16.35596,15.68779,14.772655,,,,16.43733,17.38016,16.08117,16.2914,15.87258,15.72767,16.90079,16.21989,17.57486,17.91958,,,,
Lao PDR,LAO,"Government expenditure on education, total (% of government expenditure)",SE.XPD.TOTL.GB.ZS,,,,,,,,,,,,,,,,,,,,,,,,,,,,,,,,,,,,,,,,,7.29557,9.94657,15.26266,,15.87435,14.12779,17.76236,18.10179,13.00521,7.4631,7.24696,8.25958,7.36868,13.34101,11.75735,,,,,,
Lebanon,LBN,"Government expenditure on education, total (% of government expenditure)",SE.XPD.TOTL.GB.ZS,,,,,,,,,,,,,,,,,,,,,,,,,,,,,,,,,,6.80825,10.4434,5.91637,8.1067,,,,,7.42125,7.0563,,7.93123,8.42131,7.69319,7.34104,5.86977,5.503,5.53429,5.73381,7.10916,8.57552,,,,,,,
Liberia,LBR,"Government expenditure on education, total (% of government expenditure)",SE.XPD.TOTL.GB.ZS,,,,,,,,,,,,,,,,,,,,,,,,,,,,,,,,,,,,,,,,,,,,,,,,,6.45407,,,,5.18434,4.67327,6.89349,,,8.25821,8.06268,,
Libya,LBY,"Government expenditure on education, total (% of government expenditure)",SE.XPD.TOTL.GB.ZS,,,,,,,,,,,,,,,,,,,,,,,,,,,,,,,,,,,,,,,,8.13873,,,,,,,,,,,,,,,,,,,,,
St. Lucia,LCA,"Government expenditure on education, total (% of government expenditure)",SE.XPD.TOTL.GB.ZS,,,,,,,,,,,,,,,,,,,,,,,,,,,23.2561,,,,,,,,31.31318,,,,29.43382,26.03627,,25.85463,,15.42216,15.04104,16.30697,19.01138,,19.94337,13.89532,14.20208,13.83676,12.19245,13.84786,15.30152,16.45298,21.9757,,14.36386,,
Latin America & Caribbean,LCN,"Government expenditure on education, total (% of government expenditure)",SE.XPD.TOTL.GB.ZS,,,,,,,,,,,,,,,,,,,,,,,,,,,,,,,,,,,,,,,,15.18451,14.912035,15.576095,15.68779,14.772655,,,,16.59187,,,16.41858,15.70086,,16.90339,17.512915,18.11458,17.91958,,,,
Least developed countries: UN classification,LDC,"Government expenditure on education, total (% of government expenditure)",SE.XPD.TOTL.GB.ZS,,,,,,,,,,,,,,,,,,,,,,,,,,,,,,,,,,,,,,,,,15.05185,15.52016,15.26266,,15.87435,15.893455,,,15.927795,16.099075,16.033835,15.03859,15.59324,15.683795,15.09174,16.66499,15.34716,15.51454,15.32516,,
Low income,LIC,"Government expenditure on education, total (% of government expenditure)",SE.XPD.TOTL.GB.ZS,,,,,,,,,,,,,,,,,,,,,,,,,,,,,,,,,,,,,,,,,15.05185,14.4935,,,12.96077,,,,15.634885,,15.752135,15.09788,15.855425,16.17001,14.778835,16.39336,14.99129,15.3677,16.28066,,
Liechtenstein,LIE,"Government expenditure on education, total (% of government expenditure)",SE.XPD.TOTL.GB.ZS,,,,,,,,,,,,,,,,,,,,,,,,,,,,,,,,,,,,,,,,,,,,,,,,,,,,,,,,,,,,,
Sri Lanka,LKA,"Government expenditure on education, total (% of government expenditure)",SE.XPD.TOTL.GB.ZS,,,,,,,,,,,,,,,,,,,,,,,,,,,,,,,,10.87623,,,12.70728,11.56567,12.69389,,11.66883,,,,,,,,,,,8.27079,8.60566,9.11016,8.39403,9.41995,10.82396,10.95026,17.72876,14.49976,11.33089,,
Lower middle income,LMC,"Government expenditure on education, total (% of government expenditure)",SE.XPD.TOTL.GB.ZS,,,,,,,,,,,,,,,,,,,,,,,,,,,,,,,,,,,,,,,,,14.5737,,,,16.24381,18.14314,17.95464,,18.05421,17.353105,16.639355,15.370175,15.59324,15.55899,17.189065,,16.51057,15.82094,16.22542,,
Low & middle income,LMY,"Government expenditure on education, total (% of government expenditure)",SE.XPD.TOTL.GB.ZS,,,,,,,,,,,,,,,,,,,,,,,,,,,,,,,,,,,,,,,,,15.20676,15.73184,15.29956,,15.08803,15.096205,15.75177,16.43733,15.70061,16.05092,16.16422,15.138445,15.660455,15.59278,15.92332,16.49746,15.76886,15.67179,,,
Lesotho,LSO,"Government expenditure on education, total (% of government expenditure)",SE.XPD.TOTL.GB.ZS,,,,,,,,,,,,,,,,,,,,,,,,29.41077,20.82331,22.92171,,,15.29199,15.38956,,,,23.02208,18.58789,20.50746,,26.44453,,23.55235,19.20038,23.84892,24.36376,32.10573,27.6499,32.40492,28.23381,,24.69755,,,,,,,,,15.11531,13.89303,,
Late-demographic dividend,LTE,"Government expenditure on education, total (% of government expenditure)",SE.XPD.TOTL.GB.ZS,,,,,,,,,,,,,,,,,,,,,,,,,,,,,,,,,,,,,16.27795,,,14.09594,13.28683,13.23924,14.28521,15.04903,14.27056,13.56242,13.399885,13.57395,14.176095,13.98132,14.366655,13.4062,14.06167,14.78901,14.19719,13.27955,13.71769,,,,
Lithuania,LTU,"Government expenditure on education, total (% of government expenditure)",SE.XPD.TOTL.GB.ZS,,,,,,,,,,,,,,,,,,,,,,,,,,,,,,,,,,47.27874,21.9346,20.65736,18.32268,16.71701,16.61294,,,16.67028,17.4651,15.93098,15.57213,14.57956,14.28965,13.32594,13.05296,12.77761,12.85882,12.33635,13.53597,13.28802,13.19014,12.28826,12.02524,,,,
Luxembourg,LUX,"Government expenditure on education, total (% of government expenditure)",SE.XPD.TOTL.GB.ZS,,,,,,,,,,,,,,,,,,,,,,,,,,,,,,,,,,,,,8.68914,,,,,9.30109,,,,,,,,,,,9.28171,,9.5505,9.43721,,,,,
Latvia,LVA,"Government expenditure on education, total (% of government expenditure)",SE.XPD.TOTL.GB.ZS,,,,,,,,,,,,,,,,,,,,,,,,,,,,,,,,,,,,,,,15.66433,14.09594,14.60148,15.87752,16.37018,15.37676,14.50181,,13.91163,14.06705,14.7631,13.02514,11.80903,12.71531,17.73655,18.74402,13.97237,14.12741,12.89329,,,,
"Macao SAR, China",MAC,"Government expenditure on education, total (% of government expenditure)",SE.XPD.TOTL.GB.ZS,,,,,,,,,,,,,,,,,,,,,,,,,,,,,,,,,,,,,,,,,,9.82853,12.48313,11.70368,10.77219,10.47489,9.54662,12.9701,12.167,12.31347,15.4131,17.33551,21.24387,16.42891,13.39207,13.3741,13.51698,13.47625,,,
St. Martin (French part),MAF,"Government expenditure on education, total (% of government expenditure)",SE.XPD.TOTL.GB.ZS,,,,,,,,,,,,,,,,,,,,,,,,,,,,,,,,,,,,,,,,,,,,,,,,,,,,,,,,,,,,,
Morocco,MAR,"Government expenditure on education, total (% of government expenditure)",SE.XPD.TOTL.GB.ZS,,,,,,,,,,,,,,,,,,,,,,,,,,,,,,,,19.89277,,20.46424,,20.47271,,,25.21153,25.76847,,,,,,,,,17.47064,17.29529,,,,,,,,,,,
Monaco,MCO,"Government expenditure on education, total (% of government expenditure)",SE.XPD.TOTL.GB.ZS,,,,,,,,,,,,,,,,,,,,,,,,,,,,,5.13412,5.48416,,,5.16343,,,5.76775,5.84234,6.40111,6.48977,5.0717,6.3279,,,,5.92595,,,,,6.59881,6.36322,8.07617,8.87595,7.05922,5.00886,,6.59655,6.98063,,,
Moldova,MDA,"Government expenditure on education, total (% of government expenditure)",SE.XPD.TOTL.GB.ZS,,,,,,,,,,,,,,,,,,,,,,,,,,,,,,,,,,,,,28.33996,,,14.12242,12.92393,16.42476,17.88434,16.19259,19.45202,19.29665,18.60882,19.41697,19.85008,20.99263,22.26701,21.91588,20.74197,,18.7651,,18.49182,18.3323,17.4611,,
Madagascar,MDG,"Government expenditure on education, total (% of government expenditure)",SE.XPD.TOTL.GB.ZS,,,,,,,,,,,,,,,,,,,,,,14.89931,16.53529,16.78964,18.32389,16.62018,,,,,,,,12.3173,,,,10.64441,9.38277,15.5387,15.89051,17.68247,17.93676,15.76314,12.96077,18.03304,15.32419,18.04455,16.25814,22.58583,,19.7797,20.3258,13.98938,18.96677,16.96291,19.83818,,19.81822,,
Maldives,MDV,"Government expenditure on education, total (% of government expenditure)",SE.XPD.TOTL.GB.ZS,,,,,,,,,,,,,,,,,,,,,,,,,,,,,,,,,,,,,,,,,,,21.2399,20.3462,19.47924,13.01498,13.34758,12.74641,12.61971,15.63228,12.46061,11.7121,12.83329,13.91374,10.34891,12.89076,11.28151,,,,
Middle East & North Africa,MEA,"Government expenditure on education, total (% of government expenditure)",SE.XPD.TOTL.GB.ZS,,,,,,,,,,,,,,,,,,,,,,,,,,,,,,,,,,,,,,,,,,18.01418,,,14.95361,,13.42577,,14.11423,,,,,,,,,,,,
Mexico,MEX,"Government expenditure on education, total (% of government expenditure)",SE.XPD.TOTL.GB.ZS,,,,,,,,,,,,,,,,,,,,,,,,,,,,,,,,12.15459,15.0957,,21.56294,24.1213,,,16.31762,16.69396,19.64613,20.62428,21.46491,22.47187,22.05383,21.90379,20.82432,19.88907,17.38016,18.66512,18.64259,18.42102,18.08719,16.90599,18.80594,19.01875,17.93933,,,,
Marshall Islands,MHL,"Government expenditure on education, total (% of government expenditure)",SE.XPD.TOTL.GB.ZS,,,,,,,,,,,,,,,,,,,,,,,,,,,,,,,,,,,,,,,,28.54381,,,14.8142,22.50875,,,,,,,,,,,,,,,,,
Middle income,MIC,"Government expenditure on education, total (% of government expenditure)",SE.XPD.TOTL.GB.ZS,,,,,,,,,,,,,,,,,,,,,,,,,,,,,,,,,,,,,,,,,15.25037,,15.48564,,15.27385,15.04361,15.75177,15.273545,15.74784,16.05092,16.16422,15.26901,15.553035,15.55899,16.165235,,16.13978,15.73026,,,
North Macedonia,MKD,"Government expenditure on education, total (% of government expenditure)",SE.XPD.TOTL.GB.ZS,,,,,,,,,,,,,,,,,,,,,,,,,,,,,,,,,,,,,,,,,,,8.64088,,,,,,,,,,,,,,,,,,
Mali,MLI,"Government expenditure on education, total (% of government expenditure)",SE.XPD.TOTL.GB.ZS,,,,,,,,,,,,,,,,,,,,,,,,,,,,,,,,,,,,,,,,,15.32381,14.4935,14.52521,18.28376,17.73635,16.2803,,,18.03169,16.95941,16.50391,18.25834,22.40338,16.62345,18.22426,18.15549,13.90388,16.53433,,,
Malta,MLT,"Government expenditure on education, total (% of government expenditure)",SE.XPD.TOTL.GB.ZS,,,,,,,,,,,,,,,,,,,,,,,,,,,,,,,,,,,,,,,,,,,9.53534,,10.55489,,,14.53679,13.06568,12.34494,15.71921,18.9048,15.26156,18.7752,17.53777,13.15089,,,,,
Myanmar,MMR,"Government expenditure on education, total (% of government expenditure)",SE.XPD.TOTL.GB.ZS,,,,,,,,,,,,,,,,,,,,,,,,,,,,,,,,,,,,,,,,,,,,,,,,,,,,5.92864,,,,,,10.0971,10.34903,10.45751,
Middle East & North Africa (excluding high income),MNA,"Government expenditure on education, total (% of government expenditure)",SE.XPD.TOTL.GB.ZS,,,,,,,,,,,,,,,,,,,,,,,,,,,,,,,,,,,,,,,,,,,,,,,,,14.97994,,,,,,,,,,,,
Montenegro,MNE,"Government expenditure on education, total (% of government expenditure)",SE.XPD.TOTL.GB.ZS,,,,,,,,,,,,,,,,,,,,,,,,,,,,,,,,,,,,,,,,,,,,,,,,,,,,,,,,,,,,,
Mongolia,MNG,"Government expenditure on education, total (% of government expenditure)",SE.XPD.TOTL.GB.ZS,,,,,,,,,,,,,,,,,,,,,,,,,,,,,,,,,,,,,,12.80767,15.17901,15.49801,16.07477,,20.31151,,13.59445,,,13.28645,,14.51142,14.71114,12.15085,14.40723,15.36745,14.6681,13.54711,13.06311,12.64562,,,
Northern Mariana Islands,MNP,"Government expenditure on education, total (% of government expenditure)",SE.XPD.TOTL.GB.ZS,,,,,,,,,,,,,,,,,,,,,,,,,,,,,,,,,,,,,,,,,,,,,,,,,,,,,,,,,,,,,
Mozambique,MOZ,"Government expenditure on education, total (% of government expenditure)",SE.XPD.TOTL.GB.ZS,,,,,,,,,,,,,,,,,,,,,,,,,,,,,,,,,,,,,,,12.05375,16.92332,,,,,18.00154,22.71818,18.55004,,,,,,19.70182,18.97809,,,19.94601,18.33187,17.88061,,
Mauritania,MRT,"Government expenditure on education, total (% of government expenditure)",SE.XPD.TOTL.GB.ZS,,,,,,,,,,,,,,,,,,,,,,,,,,,,,,,,,,,,,,,,,,,,,8.17581,,10.31008,,13.88012,,16.03532,13.68275,10.01766,11.40543,,,9.33061,,,,
Mauritius,MUS,"Government expenditure on education, total (% of government expenditure)",SE.XPD.TOTL.GB.ZS,,,,,,,,,,,,,,,,,,,,,,,,,,,,,,,11.19495,14.34508,,,,,,,,19.2376,17.5419,13.23924,12.91514,17.92272,17.3871,17.08813,15.17617,14.18328,14.03944,13.24723,14.57315,13.84617,14.96062,14.78901,20.90518,19.45709,19.9625,19.9341,19.64782,,
Malawi,MWI,"Government expenditure on education, total (% of government expenditure)",SE.XPD.TOTL.GB.ZS,,,,,,,,,,,,,,,,,,,,,,,,,,,,,,,,,,,,,,,,,,,,16.55257,,,,,,,12.51796,15.09788,,20.4242,16.33403,21.55158,17.10361,14.34011,15.7802,,
Malaysia,MYS,"Government expenditure on education, total (% of government expenditure)",SE.XPD.TOTL.GB.ZS,,,,,,,,,,,,,,,,,,,,,,,,,,,,,,,,,19.10503,17.31288,19.92375,19.50259,22.77094,20.05298,,21.18855,21.39068,24.34852,25.9036,24.54244,21.01292,,16.74557,16.12466,14.03864,18.46463,18.40623,20.97702,19.85116,19.45431,19.80056,19.81079,20.93572,21.67765,19.73864,,
North America,NAC,"Government expenditure on education, total (% of government expenditure)",SE.XPD.TOTL.GB.ZS,,,,,,,,,,,,,,,,,,,,,,15.5789,15.53181,14.77497,14.0908,13.23688,12.6832,13.45583,13.53854,13.56977,13.19062,14.2638,13.11614,14.62348,12.93443,12.86363,,,12.63958,12.74188,12.9826,12.21224,12.1479,,,12.17807,,12.32856,12.00996,12.48364,12.33596,12.21914,,13.22944,13.39711,,,,,,
Namibia,NAM,"Government expenditure on education, total (% of government expenditure)",SE.XPD.TOTL.GB.ZS,,,,,,,,,,,,,,,,,,,,,,,,,,,,,,,,,,,,,,,,23.04277,21.92506,22.77571,21.83686,20.32821,,,21.60299,,24.86161,,26.12351,,,,7.64146,,,,,,
New Caledonia,NCL,"Government expenditure on education, total (% of government expenditure)",SE.XPD.TOTL.GB.ZS,,,,,,,,,,,,,,,,,,,,,,,,,,,,,,,,,,,,,,,,,,,,,,,,,,,,,,,,,,,,,
Niger,NER,"Government expenditure on education, total (% of government expenditure)",SE.XPD.TOTL.GB.ZS,,,,,,,,,,,,,,,,,,,,,,,,,,,,,,,,,,,,,17.74954,,,17.11781,18.78317,16.59557,16.65247,13.8455,,,16.88377,17.37597,16.17733,18.91294,18.10404,21.67581,19.19202,18.08453,21.6615,18.51086,15.34716,13.21516,16.78112,,
Nigeria,NGA,"Government expenditure on education, total (% of government expenditure)",SE.XPD.TOTL.GB.ZS,,,,,,,,,,,,,,,,,,,,,,,,,,,,,,,,,,,,,,,,,,,,,,,,,,,,,,,,,,,,,
Nicaragua,NIC,"Government expenditure on education, total (% of government expenditure)",SE.XPD.TOTL.GB.ZS,,,,,,,,,,,,,,,,,,,,,,,0,,0,,,0,,,,,11.9335,,,,,,13.38182,14.7168,14.5737,,15.68779,14.887,,,,,,,22.75367,,,,19.31385,18.6543,17.91958,,,,
Netherlands,NLD,"Government expenditure on education, total (% of government expenditure)",SE.XPD.TOTL.GB.ZS,,,,,,,,,,,,,,,,,,,,,,12.0679,11.40722,10.64282,9.87185,10.50206,10.83492,11.29733,10.55998,,10.98549,11.07084,,9.66667,9.56143,9.66795,8.88747,,10.42019,10.56879,11.08149,11.15739,11.2315,11.53141,11.87694,12.33591,11.97108,11.76275,11.87849,11.61846,11.66905,11.88771,11.77607,12.09424,12.1508,12.20965,12.80686,,,,
Norway,NOR,"Government expenditure on education, total (% of government expenditure)",SE.XPD.TOTL.GB.ZS,,,,,,,,,,,,,,,,,,,,,,14.61961,14.66192,14.44329,14.19611,14.18848,14.15717,14.38886,13.30521,14.01607,14.02107,13.84698,13.79062,15.88272,16.49992,16.89079,15.98694,16.19954,15.53134,15.12919,15.77262,15.92199,16.25833,15.68493,16.4396,16.54838,15.86487,15.99489,15.85855,15.64057,15.22733,14.95735,17.42965,17.26891,17.04335,15.72807,15.97161,,,,
Nepal,NPL,"Government expenditure on education, total (% of government expenditure)",SE.XPD.TOTL.GB.ZS,,,,,,,,,,,,,,,,,,,,,,,,,,,,,,,,,,,,,,,,,19.15604,21.6562,20.44405,21.31265,21.61336,22.29422,25.50064,21.14614,22.23003,19.87293,16.03235,17.98384,17.43708,17.56964,18.28129,16.98966,19.1285,17.09639,14.10187,,
Nauru,NRU,"Government expenditure on education, total (% of government expenditure)",SE.XPD.TOTL.GB.ZS,,,,,,,,,,,,,,,,,,,,,,,,,,,,,,,,,,,,,,,,,,,,,,,,,,,,,,,,,,,,,
New Zealand,NZL,"Government expenditure on education, total (% of government expenditure)",SE.XPD.TOTL.GB.ZS,,,,,,,,,,,,,,,,,,,,,,,,,,8.19235,8.09269,8.87757,9.70021,10.13755,,,,,14.07856,13.9998,16.09998,15.78923,,16.22986,,16.7103,16.77153,16.75843,17.00461,16.25796,15.16337,14.98482,14.07769,15.3436,15.68851,15.77792,17.76722,16.55307,16.27686,16.37508,16.82011,,,,
OECD members,OED,"Government expenditure on education, total (% of government expenditure)",SE.XPD.TOTL.GB.ZS,,,,,,,,,,,,,,,,,,,,,,,,,,,,,,,,,,11.48391,12.64975,11.96908,11.80133,,12.41675,12.15057,12.56513,12.59372,12.62509,12.92092,13.06133,12.968445,13.13644,12.963465,12.59972,12.61481,12.08019,12.33635,12.63184,12.749335,13.103575,12.9666,12.89329,,,,
Oman,OMN,"Government expenditure on education, total (% of government expenditure)",SE.XPD.TOTL.GB.ZS,,,,,,,,,,,,,,,,,,,,,,,,,,,,,,,,6.93074,7.98643,7.64961,7.75603,8.00464,8.03902,9.12556,9.9918,10.32786,8.98344,10.58399,11.06248,10.03896,10.31647,10.05364,11.22463,,,10.94918,,,,11.08018,,,,,,,
Other small states,OSS,"Government expenditure on education, total (% of government expenditure)",SE.XPD.TOTL.GB.ZS,,,,,,,,,,,,,,,,,,,,,,,,,,,,,,,,,,,,,,,,17.99035,17.70649,17.30183,16.2195,19.125465,16.61004,17.08813,18.891305,,16.323135,14.064695,14.19521,13.74125,12.44415,12.58262,12.247735,,,,,,
Pakistan,PAK,"Government expenditure on education, total (% of government expenditure)",SE.XPD.TOTL.GB.ZS,,,,,,,,,,,,,,,,,,,,,,,,,,,,,,,,,,7.80285,9.37643,10.31327,10.06899,11.7534,,11.30733,8.48988,,,,11.22935,13.77751,15.2891,15.44552,14.09696,12.08263,11.86466,10.92461,11.04063,11.51398,11.30066,13.18728,15.06348,14.54478,,,
Panama,PAN,"Government expenditure on education, total (% of government expenditure)",SE.XPD.TOTL.GB.ZS,,,,,,,,,,,,,,,,,,,,,,,,,,,,,,,,,,,,18.19721,18.15499,17.35391,,18.97315,19.83194,16.63913,16.9575,16.34301,14.56827,,,,14.88983,,,13.01972,,,,,,,,,
Peru,PER,"Government expenditure on education, total (% of government expenditure)",SE.XPD.TOTL.GB.ZS,,,,,,,,,,,,,,,,,,,,,,,,,,,,,,,,,,,,,,,,,15.25037,14.79623,14.57806,14.65831,15.27385,14.27852,14.0353,14.14177,14.53442,14.59631,13.55558,13.55255,14.36907,15.22388,16.21989,17.57486,17.8701,18.23592,17.13195,,
Philippines,PHL,"Government expenditure on education, total (% of government expenditure)",SE.XPD.TOTL.GB.ZS,,,,,,,,,,,,,,,,,,,,,,,,,,,,,,,,,,,,15.24298,17.56657,15.17013,18.18099,,15.20676,13.91591,14.06893,14.38022,12.75085,12.42236,13.26853,13.66702,14.44199,13.21116,,,,,,,,,,,
Palau,PLW,"Government expenditure on education, total (% of government expenditure)",SE.XPD.TOTL.GB.ZS,,,,,,,,,,,,,,,,,,,,,,,,,,,,,,,,,,,,,,,,,13.96441,15.30785,15.53766,,,,,,,,,,,,,,,,,,
Papua New Guinea,PNG,"Government expenditure on education, total (% of government expenditure)",SE.XPD.TOTL.GB.ZS,,,,,,,,,,,,,,,,,,,,,,,,,,,,,,,,,,,,,,,,,,,,,,,,,,,,,,,,,,10.6982,8.72524,,
Poland,POL,"Government expenditure on education, total (% of government expenditure)",SE.XPD.TOTL.GB.ZS,,,,,,,,,,,,,,,,,,,,,,,,,,,,,,,,,,,,,16.79591,,11.27881,10.8919,11.8693,11.83149,11.88938,11.64438,12.28659,12.22228,12.66541,11.26715,11.37921,11.07648,11.06464,10.98486,11.22697,11.59794,11.57975,11.54798,11.28603,,,,
Pre-demographic dividend,PRE,"Government expenditure on education, total (% of government expenditure)",SE.XPD.TOTL.GB.ZS,,,,,,,,,,,,,,,,,,,,,,,,,,,,,,,,,,,,,,,,,13.5132,,,,14.96151,16.2803,,,15.70061,,16.50391,15.03859,15.5358,16.16528,16.33403,16.66466,15.58533,16.137185,17.21459,,
Puerto Rico,PRI,"Government expenditure on education, total (% of government expenditure)",SE.XPD.TOTL.GB.ZS,,,,,,,,,,,,,,,,,,,,,,,,,,,,,,,,,,,,,,,,,,,,,,,,,,,,,,,,,,,,,
"Korea, Dem. People’s Rep.",PRK,"Government expenditure on education, total (% of government expenditure)",SE.XPD.TOTL.GB.ZS,,,,,,,,,,,,,,,,,,,,,,,,,,,,,,,,,,,,,,,,,,,,,,,,,,,,,,,,,,,,,
Portugal,PRT,"Government expenditure on education, total (% of government expenditure)",SE.XPD.TOTL.GB.ZS,,,,,,,,,,,,,,,,,,,,,,,,,,,,7.1978,8.98337,9.84868,10.24717,10.99433,10.56231,10.50773,10.89423,11.63338,12.57402,,,11.86899,12.05288,12.09582,11.9002,11.65633,10.96746,10.85812,10.87095,11.0547,10.37183,11.07481,10.42656,10.23923,10.19303,10.56848,9.90569,10.152,,,,,
Paraguay,PRY,"Government expenditure on education, total (% of government expenditure)",SE.XPD.TOTL.GB.ZS,,,,,,,,,,,,,,,,,,,,,,,,,,8.36333,,,,,7.85806,,,,,,,,17.08779,21.87684,21.55939,19.87922,18.8154,20.89403,18.21824,,,19.42472,,,18.76241,23.29774,19.63423,,,,18.15432,,,,
West Bank and Gaza,PSE,"Government expenditure on education, total (% of government expenditure)",SE.XPD.TOTL.GB.ZS,,,,,,,,,,,,,,,,,,,,,,,,,,,,,,,,,,,,,,,,,,,,,,,,,,,,,,,,,,,,,
Pacific island small states,PSS,"Government expenditure on education, total (% of government expenditure)",SE.XPD.TOTL.GB.ZS,,,,,,,,,,,,,,,,,,,,,,,,,,,,,,,,,,,,,,,,,,,,,,,,,,,,,,,,,,,,,
Post-demographic dividend,PST,"Government expenditure on education, total (% of government expenditure)",SE.XPD.TOTL.GB.ZS,,,,,,,,,,,,,,,,,,,,,,,,,,,,,,,,,,,,11.76751,11.55961,,11.01959,11.814525,12.036495,12.446495,12.68253,12.848445,12.77896,12.62011,12.80668,12.32856,12.54904,12.39391,12.01315,11.99528,12.69207,12.27399,12.35693,12.248955,12.33513,,,,
French Polynesia,PYF,"Government expenditure on education, total (% of government expenditure)",SE.XPD.TOTL.GB.ZS,,,,,,,,,,,,,,,,,,,,,,,,,,,,,,,,,,,,,,,,,,,,,,,,,,,,,,,,,,,,,
Qatar,QAT,"Government expenditure on education, total (% of government expenditure)",SE.XPD.TOTL.GB.ZS,,,,,,,,,,,,,,,,,,,,,,,,,,,,,,,,,,,,,,,7.8437,9.52663,9.67605,10.55131,12.00746,10.70006,12.05313,13.74476,,,15.05552,14.83565,13.81727,13.10685,12.30603,13.1471,12.74315,,,8.56085,,,
Romania,ROU,"Government expenditure on education, total (% of government expenditure)",SE.XPD.TOTL.GB.ZS,,,,,,,,,,,,,,,,,,,,,,,,,,,,,,,,,,,,,14.72865,,,,8.18758,9.84882,10.92235,11.13906,9.84331,10.83668,12.71962,12.00496,11.61622,11.02129,9.12913,8.32978,8.43579,,9.25695,9.09451,9.51059,,,,
Russian Federation,RUS,"Government expenditure on education, total (% of government expenditure)",SE.XPD.TOTL.GB.ZS,,,,,,,,,,,,,,,,,,,,,,,,,,,,,,,,,,,,,,,,,8.95185,9.21336,10.58384,10.53169,11.17591,11.95057,12.4258,,11.95923,,,,11.14676,10.86184,11.48852,10.86947,10.98528,,,,
Rwanda,RWA,"Government expenditure on education, total (% of government expenditure)",SE.XPD.TOTL.GB.ZS,,,,,,,,,,,,,,,,,,,,,,,,,,,,,,,,,,,,,,,,17.25067,18.83533,25.31314,,,,,,17.78655,15.59151,,17.54806,15.34338,15.81547,16.85963,13.73432,12.53905,12.27839,11.07961,10.80461,,
South Asia,SAS,"Government expenditure on education, total (% of government expenditure)",SE.XPD.TOTL.GB.ZS,,,,,,,,,,,,,,,,,,,,,,,,,,,,,,,,,,,,,,13.32223,,16.95983,17.943275,,,16.68163,13.591235,13.77751,16.312815,18.1534,17.81619,12.08263,11.86466,14.80667,12.516375,13.9365,12.883295,12.84814,16.2117,15.66138,14.10187,,
Saudi Arabia,SAU,"Government expenditure on education, total (% of government expenditure)",SE.XPD.TOTL.GB.ZS,,,,,,,,,,,,,,,,,,,,,,,,,,,,,,,,14.71302,14.72169,14.57367,16.81303,16.84456,15.2523,12.29582,23.98243,23.3294,17.83659,20.89614,21.29412,21.45522,20.18866,19.29229,21.60387,,19.25742,,,,,,,,,,,,
Sudan,SDN,"Government expenditure on education, total (% of government expenditure)",SE.XPD.TOTL.GB.ZS,,,,,,,,,,,,,,,,,,,,,,,,,,,,,,,,,,,,,,,,,9.11689,,11.04489,,7.94924,5.9668,8.25316,,9.39278,10.78182,,,,,,,,,,,
Senegal,SEN,"Government expenditure on education, total (% of government expenditure)",SE.XPD.TOTL.GB.ZS,,,,,,,,,,,,,,,,,,,,,,,,,,,,,,,,,,,,,,,18.73254,16.82036,17.61849,15.72974,16.72192,16.11751,16.96225,21.77097,17.95464,,19.22614,23.30045,24.04635,21.08697,20.79525,25.74235,24.76247,23.75856,21.33722,21.04522,21.52941,,
Singapore,SGP,"Government expenditure on education, total (% of government expenditure)",SE.XPD.TOTL.GB.ZS,,,,,,,,,,,,,,,,,,,,,,,,,,,,,,,,,,,,,,,,,20.30553,21.55666,21.41607,24.75983,22.74441,22.27879,22.53678,23.23229,30.09941,21.85297,18.57173,28.86184,31.37175,28.83915,,,,,,,
Solomon Islands,SLB,"Government expenditure on education, total (% of government expenditure)",SE.XPD.TOTL.GB.ZS,,,,,,,,,,,,,,,,,,,,,,,,,,,,,,,,15.86093,,,,,,,13.11648,,,,,,,,,22.16813,18.81775,16.78565,17.47849,,,,,,,,,,
Sierra Leone,SLE,"Government expenditure on education, total (% of government expenditure)",SE.XPD.TOTL.GB.ZS,,,,,,,,,,,,,,,,,,,,,,,,,,,,,,,,,,,,,,,,,20.7313,17.9708,17.70319,17.31936,17.1488,15.50661,,19.75022,14.9309,15.89646,12.80191,12.41146,14.12596,15.20231,15.09174,,12.47358,19.8941,32.47322,,
El Salvador,SLV,"Government expenditure on education, total (% of government expenditure)",SE.XPD.TOTL.GB.ZS,,,,,,,,,,,,,,,,,,,,,,,,,,,,,,,,,,,,,,,14.53233,13.60802,13.29634,,15.48564,14.06819,,14.65582,15.75177,16.43733,19.44883,18.54698,16.16422,15.87258,15.27999,15.55899,16.11058,16.60156,16.1132,15.59205,14.945,,
San Marino,SMR,"Government expenditure on education, total (% of government expenditure)",SE.XPD.TOTL.GB.ZS,,,,,,,,,,,,,,,,,,,,,,,,,,,,,,,,,,,,,,,,,,,,,,,,,,,10.78129,10.64036,,,,,,13.10361,,,
Somalia,SOM,"Government expenditure on education, total (% of government expenditure)",SE.XPD.TOTL.GB.ZS,,,,,,,,,,,,,,,,,,,,,,,,,,,,,,,,,,,,,,,,,,,,,,,,,,,,,,,,,,,,,
Serbia,SRB,"Government expenditure on education, total (% of government expenditure)",SE.XPD.TOTL.GB.ZS,,,,,,,,,,,,,,,,,,,,,,,,,,,,,,,,,,,,,,,,,,,,,,,,9.97664,10.39082,10.48218,10.09823,10.17957,9.22701,,8.764,8.87636,8.69299,9.25646,,,
Sub-Saharan Africa (excluding high income),SSA,"Government expenditure on education, total (% of government expenditure)",SE.XPD.TOTL.GB.ZS,,,,,,,,,,,,,,,,,,,,,,,,,,,,,,,,,,,,,,,,,15.32381,16.16834,16.65247,,17.442575,18.08809,18.00499,,17.90631,18.30626,17.54806,15.230855,17.054375,16.59207,17.2971,16.96291,15.76886,16.53433,17.70918,,
South Sudan,SSD,"Government expenditure on education, total (% of government expenditure)",SE.XPD.TOTL.GB.ZS,,,,,,,,,,,,,,,,,,,,,,,,,,,,,,,,,,,,,,,,,,,,,,,,,,,,3.9507,,3.22802,4.13136,3.27551,0.90765,1.0737,0.87544,,
Sub-Saharan Africa,SSF,"Government expenditure on education, total (% of government expenditure)",SE.XPD.TOTL.GB.ZS,,,,,,,,,,,,,,,,,,,,,,,,,,,,,,,,,,,,,,,,,15.60716,15.74111,16.42011,,17.3871,18.03304,17.979815,,17.082225,18.24094,17.06808,15.11833,16.42832,16.391725,17.344255,17.221215,15.880085,17.121515,17.794895,,
Small states,SST,"Government expenditure on education, total (% of government expenditure)",SE.XPD.TOTL.GB.ZS,,,,,,,,,,,,,,,,,,,,,,,,,,,,,,,,,,,,,,,,16.7431,17.5419,17.30183,16.2195,16.485875,15.83298,16.463745,,,17.59075,14.83565,14.57315,13.79371,12.58227,12.86486,12.74315,,,,,,
Sao Tome and Principe,STP,"Government expenditure on education, total (% of government expenditure)",SE.XPD.TOTL.GB.ZS,,,,,,,,,,,,,,,,,,,,,,,,,,,,,,,,,,,,,,,,,,,6.42043,6.69201,5.85359,12.12548,14.08423,16.65735,18.24863,20.56078,19.32741,,13.72162,18.82967,12.32467,11.29734,15.96668,18.4,20.11654,,
Suriname,SUR,"Government expenditure on education, total (% of government expenditure)",SE.XPD.TOTL.GB.ZS,,,,,,,,,,,,,,,,,,,,,,,,,,,,,,,,,,,,,,,,,,,,,,,,,,,,,,,,,,,,,
Slovak Republic,SVK,"Government expenditure on education, total (% of government expenditure)",SE.XPD.TOTL.GB.ZS,,,,,,,,,,,,,,,,,,,,,,,,,,,,,,,,,,,,,9.5867,8.52783,,8.59327,7.44282,8.87773,9.41757,10.56774,10.86331,9.46612,9.58011,9.71228,9.54827,9.09838,9.76616,9.70747,9.62131,9.86131,10.06451,10.28055,9.41514,,,,
Slovenia,SVN,"Government expenditure on education, total (% of government expenditure)",SE.XPD.TOTL.GB.ZS,,,,,,,,,,,,,,,,,,,,,,,,,,,,,,,,,,,,,,,,,,13.81725,13.72527,13.69596,13.49902,13.29055,13.3197,12.89666,12.54904,12.30418,12.08019,12.07168,12.63184,9.99504,11.27432,11.21851,11.74521,,,,
Sweden,SWE,"Government expenditure on education, total (% of government expenditure)",SE.XPD.TOTL.GB.ZS,,,,,,,,,,,,,,,,,,,,,9.85581,10.19138,,,,,,,,,8.33703,8.43003,8.01222,8.1538,,10.23043,11.36323,,12.758,12.49202,12.98767,12.87803,13.21271,12.92092,13.06133,12.76274,12.80668,12.84501,13.02608,13.26278,13.30598,13.17739,15.22918,15.14365,15.32902,15.50146,15.73223,,,,
Eswatini,SWZ,"Government expenditure on education, total (% of government expenditure)",SE.XPD.TOTL.GB.ZS,,,,,,,,,,,,,,,,,,,,,,23.75299,20.37892,,,,,20.46323,21.77708,25.08986,23.47705,,,,20.03243,20.65968,21.84551,,,20.4332,18.74508,19.65618,17.29377,22.06382,21.10407,20.89186,22.70757,,21.81324,19.38638,18.28303,22.33393,,,24.79544,,,,,,
Sint Maarten (Dutch part),SXM,"Government expenditure on education, total (% of government expenditure)",SE.XPD.TOTL.GB.ZS,,,,,,,,,,,,,,,,,,,,,,,,,,,,,,,,,,,,,,,,,,,,,,,,,,,,,,,,,,,,,
Seychelles,SYC,"Government expenditure on education, total (% of government expenditure)",SE.XPD.TOTL.GB.ZS,,,,,,,,,,,,,,,,,,,,,,,,,26.99181,22.83296,19.51612,,18.25663,19.83613,,,,,14.97166,11.91291,15.13588,,9.87257,9.37376,,,9.22016,12.0432,,,10.95452,,,,,10.38641,6.7712,9.54766,12.08458,,11.72343,,,,
Syrian Arab Republic,SYR,"Government expenditure on education, total (% of government expenditure)",SE.XPD.TOTL.GB.ZS,,,,,,,,,,,,,,,,,,,,,,,,,,,,,,,,,,,,,15.04076,,,,,15.66206,16.82607,19.8554,17.1454,,20.04848,18.92593,20.04079,19.18405,,,,,,,,,,,
Turks and Caicos Islands,TCA,"Government expenditure on education, total (% of government expenditure)",SE.XPD.TOTL.GB.ZS,,,,,,,,,,,,,,,,,,,,,,,,,,,,,,,,,,,,,,,,,,,,,,,,,,,,,,,,14.26222,,,12.1233,,
Chad,TCD,"Government expenditure on education, total (% of government expenditure)",SE.XPD.TOTL.GB.ZS,,,,,,,,,,,,,,,,,,,,,,,,,,,,,,,,,,,,,,12.89866,11.07153,17.05998,12.84449,13.78685,,,11.0319,14.67282,,,,9.54159,8.11928,10.08326,9.21241,12.46146,,,,16.36275,17.21459,,
East Asia & Pacific (IDA & IBRD countries),TEA,"Government expenditure on education, total (% of government expenditure)",SE.XPD.TOTL.GB.ZS,,,,,,,,,,,,,,,,,,,,,,,,,,,,,,,,,,,,,,,,,15.640765,12.7549,15.26266,,14.1703,,,14.94431,14.03864,14.51142,15.46688,12.15085,16.248825,16.48569,13.212725,,,,9.594005,,
Europe & Central Asia (IDA & IBRD countries),TEC,"Government expenditure on education, total (% of government expenditure)",SE.XPD.TOTL.GB.ZS,,,,,,,,,,,,,,,,,,,,,,,,,,,,,,,,,,,,,,,,,11.6113,12.096725,11.88938,11.64438,12.28659,12.421195,12.71962,11.26715,12.285745,11.866615,11.16342,11.10005,11.79797,11.59794,11.57975,11.389715,12.25595,12.3908,,,
Togo,TGO,"Government expenditure on education, total (% of government expenditure)",SE.XPD.TOTL.GB.ZS,,,,,,,,,,,,,,,,,,,,,,,,,,,,,,,,,22.54921,,,,23.29256,,20.98232,23.41876,24.42371,25.73136,30.70003,27.75643,21.83069,17.67808,17.28665,18.15452,19.24566,19.37198,19.61576,16.90379,17.68043,16.59207,17.39141,16.66499,15.99131,23.14004,21.76909,,
Thailand,THA,"Government expenditure on education, total (% of government expenditure)",SE.XPD.TOTL.GB.ZS,,,,,,,,,,,,,,,,,,,,,,,,,,,,,,,,,,,,18.90245,20.03906,21.20361,19.481,18.97902,28.3886,24.24134,16.22293,20.86635,21.45767,20.54682,22.00279,18.48467,18.16285,18.1783,16.22262,22.63024,21.3968,19.12593,,,,,,,
Tajikistan,TJK,"Government expenditure on education, total (% of government expenditure)",SE.XPD.TOTL.GB.ZS,,,,,,,,,,,,,,,,,,,,,,,,,,,,,,,,,,,,,,,15.07245,11.83439,12.02514,13.18853,14.59364,12.69424,13.67676,15.29338,15.63601,12.21488,12.8005,14.31216,15.33145,14.56051,16.3705,,,16.39336,,,,,
Turkmenistan,TKM,"Government expenditure on education, total (% of government expenditure)",SE.XPD.TOTL.GB.ZS,,,,,,,,,,,,,,,,,,,,,,,,,,,,,,,,,,,,,,,,,,,,,,,,,,,,,20.79551,,,,,,,,
Latin America & the Caribbean (IDA & IBRD countries),TLA,"Government expenditure on education, total (% of government expenditure)",SE.XPD.TOTL.GB.ZS,,,,,,,,,,,,,,,,,,,,,,,,,,,,,,,,,,,,,,,,15.18451,14.912035,15.576095,15.68779,14.772655,15.27385,,,16.59187,17.38016,,16.41858,15.70086,15.72767,16.90339,17.512915,18.11458,17.91958,,,,
Timor-Leste,TLS,"Government expenditure on education, total (% of government expenditure)",SE.XPD.TOTL.GB.ZS,,,,,,,,,,,,,,,,,,,,,,,,,,,,,,,,,,,,,,,,,,,,,,,,,7.09054,10.58612,9.15421,7.6509,5.53769,5.89318,6.77287,8.63697,7.36296,8.28357,7.9341,,
Middle East & North Africa (IDA & IBRD countries),TMN,"Government expenditure on education, total (% of government expenditure)",SE.XPD.TOTL.GB.ZS,,,,,,,,,,,,,,,,,,,,,,,,,,,,,,,,,,,,,,,,,,,,,,,,,14.97994,,,,,,,,,,,,
Tonga,TON,"Government expenditure on education, total (% of government expenditure)",SE.XPD.TOTL.GB.ZS,,,,,,,,,,,,,,,,,,,,,,,,,,,,,,,,,,,,,,,,22.60827,22.95586,19.7819,15.46275,18.41225,18.10253,,,,,,,,,,,,,,,,
South Asia (IDA & IBRD),TSA,"Government expenditure on education, total (% of government expenditure)",SE.XPD.TOTL.GB.ZS,,,,,,,,,,,,,,,,,,,,,,,,,,,,,,,,,,,,,,13.32223,,16.95983,17.943275,,,16.68163,13.591235,13.77751,16.312815,18.1534,17.81619,12.08263,11.86466,14.80667,12.516375,13.9365,12.883295,12.84814,16.2117,15.66138,14.10187,,
Sub-Saharan Africa (IDA & IBRD countries),TSS,"Government expenditure on education, total (% of government expenditure)",SE.XPD.TOTL.GB.ZS,,,,,,,,,,,,,,,,,,,,,,,,,,,,,,,,,,,,,,,,,15.60716,15.74111,16.42011,,17.3871,18.03304,17.979815,,17.082225,18.24094,17.06808,15.11833,16.42832,16.391725,17.344255,17.221215,15.880085,17.121515,17.794895,,
Trinidad and Tobago,TTO,"Government expenditure on education, total (% of government expenditure)",SE.XPD.TOTL.GB.ZS,,,,,,,,,,,,,,,,,,,,,,,,,,,,,,12.90589,13.85188,,,,15.01153,14.8984,13.28493,12.03244,8.92667,11.23004,11.73112,12.16543,14.28521,13.91007,,,,,,,,,,,,,,,,,
Tunisia,TUN,"Government expenditure on education, total (% of government expenditure)",SE.XPD.TOTL.GB.ZS,,,,,,,,,,,,,,,,,,,,,,,,,,,,,,,,,20.72396,21.6749,21.81671,23.35724,23.13493,25.95522,,24.90079,24.59178,24.64776,22.88013,27.68429,27.83381,26.69569,26.86131,26.42863,25.25867,25.26201,24.84683,,20.99101,,,22.62495,,,,,
Turkey,TUR,"Government expenditure on education, total (% of government expenditure)",SE.XPD.TOTL.GB.ZS,,,,,,,,,,,,,,,,,,,,,,,,,,,,,,,,,,,,,,,,,6.37583,5.98266,6.65165,7.41988,8.65172,,8.01701,,,,,,,,,,,,,,
Tuvalu,TUV,"Government expenditure on education, total (% of government expenditure)",SE.XPD.TOTL.GB.ZS,,,,,,,,,,,,,,,,,,,,,,,,,,,,,,,,,,,,,,,,,,,,,,,,,,,,,,,,,,,,,
Tanzania,TZA,"Government expenditure on education, total (% of government expenditure)",SE.XPD.TOTL.GB.ZS,,,,,,,,,,,,,,,,,,,,,,,,,,,,,,,,,,,,,12.50031,12.62789,11.79397,,,,,,19.49264,18.14314,15.01412,19.43174,18.77841,17.41092,19.64801,,,,17.2971,,,24.39654,20.56001,,
Uganda,UGA,"Government expenditure on education, total (% of government expenditure)",SE.XPD.TOTL.GB.ZS,,,,,,,,,,,,,,,,,,,,,,,,,,,,,,,,,,,,,,,,,10.35487,,,,20.30834,,,,,,10.10489,13.61137,11.4519,11.74312,10.87596,12.13618,11.37934,12.46216,10.91701,,
Ukraine,UKR,"Government expenditure on education, total (% of government expenditure)",SE.XPD.TOTL.GB.ZS,,,,,,,,,,,,,,,,,,,,,,,,,,,,,,,,,,,,,,12.92467,11.59928,13.53417,11.35897,12.81095,14.36096,14.41952,12.78175,13.73865,13.92323,14.03619,13.55783,15.05482,,13.48432,13.66552,13.86764,13.12135,,12.35312,13.05142,,,
Upper middle income,UMC,"Government expenditure on education, total (% of government expenditure)",SE.XPD.TOTL.GB.ZS,,,,,,,,,,,,,,,,,,,,,,,,,,,,,,,,,,,,,,,,,16.511375,15.576095,14.66877,15.35405,14.6359,13.95873,13.673675,14.48145,14.401435,15.3738,16.10294,15.26901,15.51283,15.40833,,,,,,,
Uruguay,URY,"Government expenditure on education, total (% of government expenditure)",SE.XPD.TOTL.GB.ZS,,,,,,,,,,,,,,,,,,,,,,,,,,,,,,,,,,,,,,,,,8.35896,9.2292,7.71222,6.83601,8.60901,9.4712,9.84128,,,,,15.16272,,,,,14.64528,14.93611,,,
United States,USA,"Government expenditure on education, total (% of government expenditure)",SE.XPD.TOTL.GB.ZS,,,,,,,,,,,,,,,,,,,,,,,,,,,,,,,,,,,,,,,,,,,,,,,,,,,,,,13.22944,13.39711,,,,,,
Uzbekistan,UZB,"Government expenditure on education, total (% of government expenditure)",SE.XPD.TOTL.GB.ZS,,,,,,,,,,,,,,,,,,,,,,,,,,,,,,,,,,,,,,,,,,,,,,,,,,,,,,23.32053,23.51731,23.64584,23.85045,23.03091,,,
St. Vincent and the Grenadines,VCT,"Government expenditure on education, total (% of government expenditure)",SE.XPD.TOTL.GB.ZS,,,,,,,,,,,,,,,,,,,,,,,,,,,22.89881,,,18.24648,,20.69969,,,,,,,14.84942,21.14544,30.7892,,28.70131,31.47551,,22.59199,,20.03841,,17.3385,15.48563,,,,,,20.14841,18.94895,18.8119,,
"Venezuela, RB",VEN,"Government expenditure on education, total (% of government expenditure)",SE.XPD.TOTL.GB.ZS,,,,,,,,,,,,,,,,,,,,,,,,,,,,,,,,,,,,,,,,,,,,,,,,,,,,,,,,,,,,,
British Virgin Islands,VGB,"Government expenditure on education, total (% of government expenditure)",SE.XPD.TOTL.GB.ZS,,,,,,,,,,,,,,,,,,,,,,,,,,,,,,,,,,,,,,,,,,,,,,,,,,,,,,,,,,,,,
Virgin Islands (U.S.),VIR,"Government expenditure on education, total (% of government expenditure)",SE.XPD.TOTL.GB.ZS,,,,,,,,,,,,,,,,,,,,,,,,,,,,,,,,,,,,,,,,,,,,,,,,,,,,,,,,,,,,,
Vietnam,VNM,"Government expenditure on education, total (% of government expenditure)",SE.XPD.TOTL.GB.ZS,,,,,,,,,,,,,,,,,,,,,,,,,,,,,,,,,,,,,,,,,,,,,,,,,18.05421,15.239,17.11449,17.81127,18.78496,18.51551,,,15.6049,,14.4683,,
Vanuatu,VUT,"Government expenditure on education, total (% of government expenditure)",SE.XPD.TOTL.GB.ZS,,,,,,,,,,,,,,,,,,,,,,,,,,,,,,,,,,,17.53491,,,,27.4011,25.82178,27.52419,40.07755,36.40962,44.8018,,,,,21.40563,18.72315,,,,,18.20824,13.7338,,12.69208,,,
World,WLD,"Government expenditure on education, total (% of government expenditure)",SE.XPD.TOTL.GB.ZS,,,,,,,,,,,,,,,,,,,,,,,,,,,,,,,,,,,,,,,,,13.378785,14.477635,14.57806,15.09539,14.23504,14.12779,14.162475,14.10441,14.182705,14.02987,14.324,13.712,14.40723,14.13281,13.92808,14.347595,14.63542,,,,
Samoa,WSM,"Government expenditure on education, total (% of government expenditure)",SE.XPD.TOTL.GB.ZS,,,,,,,,,,,,,,,,,,,,,,,,,,,,,,,,,,,,,,,,13.41717,10.4613,12.77033,12.7938,,,,,,16.06423,,,,,,,,10.47922,,,,
Kosovo,XKX,"Government expenditure on education, total (% of government expenditure)",SE.XPD.TOTL.GB.ZS,,,,,,,,,,,,,,,,,,,,,,,,,,,,,,,,,,,,,,,,,,,,,,,,,,,,,,,,,,,,,
"Yemen, Rep.",YEM,"Government expenditure on education, total (% of government expenditure)",SE.XPD.TOTL.GB.ZS,,,,,,,,,,,,,,,,,,,,,,,,,,,,,,,,,,,,,,,,,30.48928,30.32128,,,,,,,12.48924,,,,,,,,,,,,
South Africa,ZAF,"Government expenditure on education, total (% of government expenditure)",SE.XPD.TOTL.GB.ZS,,,,,,,,,,,,,,,,,,,,,,,,,,,,,,,,,,,,,,,,,,20.47205,20.0957,19.5923,19.93463,19.92499,18.00499,18.02707,17.90631,18.30626,18.04437,18.96147,20.63561,19.17124,19.13845,18.69935,18.04874,18.7153,18.87352,,
Zambia,ZMB,"Government expenditure on education, total (% of government expenditure)",SE.XPD.TOTL.GB.ZS,,,,,,,,,,,,,,,,,,,,,,,,,,,,,,,,,,,,,,,,,8.35262,,,,10.58499,7.72973,,6.22791,5.6518,,,,,,,16.33528,15.4018,14.80745,17.04801,,
Zimbabwe,ZWE,"Government expenditure on education, total (% of government expenditure)",SE.XPD.TOTL.GB.ZS,,,,,,,,,,,,,,,,,,,,,,,,,,,,,,,,,,,,,,,,,,,,,,,,,,,8.53672,,29.75109,28.66034,30.01515,,,20.7896,19.03984,,
