﻿Data Source,World Development Indicators,,,,,,,,,,,,,,,,,,,,,,,,,,,,,,,,,,,,,,,,,,,,,,,,,,,,,,,,,,,,,,,
Last Updated Date,13/10/2020,,,,,,,,,,,,,,,,,,,,,,,,,,,,,,,,,,,,,,,,,,,,,,,,,,,,,,,,,,,,,,,
,,,,,,,,,,,,,,,,,,,,,,,,,,,,,,,,,,,,,,,,,,,,,,,,,,,,,,,,,,,,,,,,
Country Name,Country Code,Indicator Name,Indicator Code,1960,1961,1962,1963,1964,1965,1966,1967,1968,1969,1970,1971,1972,1973,1974,1975,1976,1977,1978,1979,1980,1981,1982,1983,1984,1985,1986,1987,1988,1989,1990,1991,1992,1993,1994,1995,1996,1997,1998,1999,2000,2001,2002,2003,2004,2005,2006,2007,2008,2009,2010,2011,2012,2013,2014,2015,2016,2017,2018,2019,2020
Aruba,ABW,"Government expenditure per student, tertiary (% of GDP per capita)",SE.XPD.TERT.PC.ZS,,,,,,,,,,,,,,,,,,,,,,,,,,,,,,,,,,,,,,,,31.49001,28.73253,32.89536,34.78445,,28.02521,25.53799,,,,,,,53.10581,128.88226,103.68273,145.57715,100.24176,,,,
Afghanistan,AFG,"Government expenditure per student, tertiary (% of GDP per capita)",SE.XPD.TERT.PC.ZS,,,,,,,,,,,,,,,,,,,,,,,,,,,,,,,,,,,,,,,,,,,,,,,,,,,,96.09478,,,58.22054,,,,,,
Angola,AGO,"Government expenditure per student, tertiary (% of GDP per capita)",SE.XPD.TERT.PC.ZS,,,,,,,,,,,,,,,,,,,,,,,,,,,,,,,,,,,,,,,,,,,,,,70.83172,82.14674,,,,,,,,,,,,,,
Albania,ALB,"Government expenditure per student, tertiary (% of GDP per capita)",SE.XPD.TERT.PC.ZS,,,,,,,,,,,,,,,,,,,,,,,,,,,,,,,,,,,,,,,,,,,,,,,,,,,,,,12.85083,,12.88117,14.64597,13.78559,,,
Andorra,AND,"Government expenditure per student, tertiary (% of GDP per capita)",SE.XPD.TERT.PC.ZS,,,,,,,,,,,,,,,,,,,,,,,,,,,,,,,,,,,,,,,,,,,30.36213,,17.41199,14.29425,29.31536,,,,,,,16.79741,28.97051,27.73714,27.08058,23.66465,22.28547,,
Arab World,ARB,"Government expenditure per student, tertiary (% of GDP per capita)",SE.XPD.TERT.PC.ZS,,,,,,,,,,,,,,,,,,,,,,,,,,,,,,,,,,,,,,,,,,,,,,,,,,,,,,,,,,,,,
United Arab Emirates,ARE,"Government expenditure per student, tertiary (% of GDP per capita)",SE.XPD.TERT.PC.ZS,,,,,,,,,,,,,,,,,,,,,,,,,,,,,,,,,,,,,,0,,,,,,,,,,,,,,,,,,,,,,,
Argentina,ARG,"Government expenditure per student, tertiary (% of GDP per capita)",SE.XPD.TERT.PC.ZS,,,,,,,,,,,,,,,,,,,,,,,,,,,,,,,,,,,,,,,20.19353,17.65592,17.33307,16.08829,13.06567,10.37139,10.90728,11.70836,13.07729,14.23457,14.98778,17.68235,16.12808,15.94486,16.31633,16.77133,16.26738,17.24864,16.08373,16.91251,,,
Armenia,ARM,"Government expenditure per student, tertiary (% of GDP per capita)",SE.XPD.TERT.PC.ZS,,,,,,,,,,,,,,,,,,,,,,,,,,,,,,,,,,,,,,,,,,,,,,,,,7.36693,7.10141,7.45566,7.21906,6.25931,6.87733,7.88383,9.83908,9.7656,9.88124,,,
American Samoa,ASM,"Government expenditure per student, tertiary (% of GDP per capita)",SE.XPD.TERT.PC.ZS,,,,,,,,,,,,,,,,,,,,,,,,,,,,,,,,,,,,,,,,,,,,,,,,,,,,,,,,,,,,,
Antigua and Barbuda,ATG,"Government expenditure per student, tertiary (% of GDP per capita)",SE.XPD.TERT.PC.ZS,,,,,,,,,,,,,,,,,,,,,,,,,,,,,,,,,,,,,,,,,,,,,,,,,,15.48345,,,,,,,,,,,
Australia,AUS,"Government expenditure per student, tertiary (% of GDP per capita)",SE.XPD.TERT.PC.ZS,,,,,,,,,,,,,,,,,,,,,,,,,,,,,,,,,,,,26.57506,,,,,,,,,,,,,,,,,19.06647,22.28509,21.85707,21.46599,17.82954,,,,
Austria,AUT,"Government expenditure per student, tertiary (% of GDP per capita)",SE.XPD.TERT.PC.ZS,,,,,,,,,,,,,,,,,,,,,,,,,,,,,,,,,,,,,,,51.60388,,,,,,,,,36.85693,35.62528,36.21659,34.27502,31.49534,37.06478,36.28273,35.81112,35.98491,36.23652,,,,
Azerbaijan,AZE,"Government expenditure per student, tertiary (% of GDP per capita)",SE.XPD.TERT.PC.ZS,,,,,,,,,,,,,,,,,,,,,,,,,,,,,,,,,,,,,,,,,,,,,,,8.37469,9.55658,13.45055,22.3463,19.55726,18.04833,,,,17.88004,23.31199,19.39114,,,
Burundi,BDI,"Government expenditure per student, tertiary (% of GDP per capita)",SE.XPD.TERT.PC.ZS,,,,,,,,,,,,,,,,,,,,,,,,,,,,,,,,,,,,,,,,1033.40112,740.95951,836.63495,476.25504,,310.89871,242.08341,,,409.50155,391.45639,362.15911,345.65739,319.20286,308.79845,,,,,,,
Belgium,BEL,"Government expenditure per student, tertiary (% of GDP per capita)",SE.XPD.TERT.PC.ZS,,,,,,,,,,,,,,,,,,,,,,,,,,,,,,,,,,,,,,,,,,,,,,33.67031,,,35.75914,36.52921,34.75718,33.49417,,32.88551,33.64922,32.32961,32.207,,,,
Benin,BEN,"Government expenditure per student, tertiary (% of GDP per capita)",SE.XPD.TERT.PC.ZS,,,,,,,,,,,,,,,,,,,,,,,,,,,,,,,,,,,,,,,,,192.50744,149.26083,135.98524,122.68317,128.31504,145.62578,118.3008,89.1136,92.54561,84.76538,63.11729,,95.09593,65.78954,60.33975,77.72193,,,,,
Burkina Faso,BFA,"Government expenditure per student, tertiary (% of GDP per capita)",SE.XPD.TERT.PC.ZS,,,,,,,,,,,,,,,,,,,,,,,,,,,,,,,,,,,,,,,,,,,,,,203.87723,226.02902,297.12571,,,226.34412,180.98275,170.6355,229.32942,121.19685,123.2152,351.47005,,,,
Bangladesh,BGD,"Government expenditure per student, tertiary (% of GDP per capita)",SE.XPD.TERT.PC.ZS,,,,,,,,,,,,,,,,,,,,,,,,,,,,,,,,,,,,,,,,40.4384,37.03173,31.89144,34.17289,28.46752,36.7488,,36.36022,31.0707,30.03398,23.88228,,16.13114,23.48732,,,,29.90388,,,,
Bulgaria,BGR,"Government expenditure per student, tertiary (% of GDP per capita)",SE.XPD.TERT.PC.ZS,,,,,,,,,,,,,,,,,,,,,,,,,,,,,,,,,,,,,,,12.54322,,,17.52585,17.79191,26.76978,16.79781,22.47607,21.22325,17.64733,23.21855,24.07497,14.73756,15.58112,15.98498,16.60156,,,,,,,
Bahrain,BHR,"Government expenditure per student, tertiary (% of GDP per capita)",SE.XPD.TERT.PC.ZS,,,,,,,,,,,,,,,,,,,,,,,,,,,,,,,,,,,,,,,,,,,,,,,,,,,,,,21.4294,,,,,,,
"Bahamas, The",BHS,"Government expenditure per student, tertiary (% of GDP per capita)",SE.XPD.TERT.PC.ZS,,,,,,,,,,,,,,,,,,,,,,,,,,,,,,,,,,,,,,,,,,,,,,,,,,,,,,,,,,,,,
Bosnia and Herzegovina,BIH,"Government expenditure per student, tertiary (% of GDP per capita)",SE.XPD.TERT.PC.ZS,,,,,,,,,,,,,,,,,,,,,,,,,,,,,,,,,,,,,,,,,,,,,,,,,,,,,,,,,23.73047,,,,
Belarus,BLR,"Government expenditure per student, tertiary (% of GDP per capita)",SE.XPD.TERT.PC.ZS,,,,,,,,,,,,,,,,,,,,,,,,,,,,,,,,,,,,,,,,,,,,,27.03547,27.35101,28.6461,17.86961,,15.04818,14.55155,13.12466,14.26914,14.83151,14.90092,15.95206,17.04407,17.92244,,,
Belize,BLZ,"Government expenditure per student, tertiary (% of GDP per capita)",SE.XPD.TERT.PC.ZS,,,,,,,,,,,,,,,,,,,,,,,,,,,,,,,,,,,,,,,,,,,,,35.59453,,,,27.06353,29.29931,25.7958,,23.66844,33.88048,33.77528,32.98957,28.44193,27.31742,,,
Bermuda,BMU,"Government expenditure per student, tertiary (% of GDP per capita)",SE.XPD.TERT.PC.ZS,,,,,,,,,,,,,,,,,,,,,,,,,,,,,,,,,,,,,,,,,,,,,,,,,,,18.44113,,,,19.07085,,,23.92178,,,
Bolivia,BOL,"Government expenditure per student, tertiary (% of GDP per capita)",SE.XPD.TERT.PC.ZS,,,,,,,,,,,,,,,,,,,,,,,,,,,,,,,,,,,,,,,,,,,,,,,,,,,,,,,,,,,,,
Brazil,BRA,"Government expenditure per student, tertiary (% of GDP per capita)",SE.XPD.TERT.PC.ZS,,,,,,,,,,,,,,,,,,,,,,,,,,,,,,,,,,,,,,,78.56891,56.15402,54.77987,47.0537,44.34165,,32.36675,34.63414,,29.00597,27.01758,27.69676,27.66643,27.41477,27.88126,29.81738,28.79964,33.04323,,,,,
Barbados,BRB,"Government expenditure per student, tertiary (% of GDP per capita)",SE.XPD.TERT.PC.ZS,,,,,,,,,,,,,,,,,,,,,,,,,,,,,,,,,,,,,,,,53.20958,42.48029,58.6937,,,,,,38.70306,,29.9187,41.67439,,,,,,,,,,
Brunei Darussalam,BRN,"Government expenditure per student, tertiary (% of GDP per capita)",SE.XPD.TERT.PC.ZS,,,,,,,,,,,,,,,,,,,,,,,,,,,,,,,,,,,,,,,,,,,,,,,,,,,31.36628,,,,49.20882,,31.92784,,,,
Bhutan,BTN,"Government expenditure per student, tertiary (% of GDP per capita)",SE.XPD.TERT.PC.ZS,,,,,,,,,,,,,,,,,,,,,,,,,,,,,,,,,,,,,,,,,,,,,,,,,,81.39647,83.74035,64.02609,,,50.69012,,,,,,
Botswana,BWA,"Government expenditure per student, tertiary (% of GDP per capita)",SE.XPD.TERT.PC.ZS,,,,,,,,,,,,,,,,,,,,,,,,,,,,,,,,,,,,,,,,,,,,,,262.54747,,205.53861,,246.067,,,,,,,,,,,
Central African Republic,CAF,"Government expenditure per student, tertiary (% of GDP per capita)",SE.XPD.TERT.PC.ZS,,,,,,,,,,,,,,,,,,,,,,,,,,,,,,,,,,,,,,,,,,,,,,,298.00733,,101.73394,118.55574,89.9605,100.5374,,,,,,,,,
Canada,CAN,"Government expenditure per student, tertiary (% of GDP per capita)",SE.XPD.TERT.PC.ZS,,,,,,,,,,,,,,,,,,,,,,,,,,,,,,,,,,,,,,,42.85008,,,,,,,,,40.28518,36.35893,40.19827,44.68562,43.07659,,29.65255,36.99843,36.93396,31.44008,,,,
Central Europe and the Baltics,CEB,"Government expenditure per student, tertiary (% of GDP per capita)",SE.XPD.TERT.PC.ZS,,,,,,,,,,,,,,,,,,,,,,,,,,,,,,,,,,,,,,,32.095675,32.02581,28.106035,27.87606,26.0169,24.99642,22.04941,22.47607,21.22325,19.98312,21.50515,24.07497,20.43721,23.57808,23.32456,25.40906,25.51264,24.80784,25.40887,,,,
Switzerland,CHE,"Government expenditure per student, tertiary (% of GDP per capita)",SE.XPD.TERT.PC.ZS,,,,,,,,,,,,,,,,,,,,,,,,,,,,,,,,,,,,,,,46.30925,49.83525,48.8117,50.72625,55.13934,59.04268,57.3849,50.31276,48.16911,42.27089,39.80314,42.03798,39.23296,39.66926,41.6314,40.54859,40.97992,37.67913,37.4052,,,,
Channel Islands,CHI,"Government expenditure per student, tertiary (% of GDP per capita)",SE.XPD.TERT.PC.ZS,,,,,,,,,,,,,,,,,,,,,,,,,,,,,,,,,,,,,,,,,,,,,,,,,,,,,,,,,,,,,
Chile,CHL,"Government expenditure per student, tertiary (% of GDP per capita)",SE.XPD.TERT.PC.ZS,,,,,,,,,,,,,,,,,,,,,,,,,,,,,,,,,,,,,,19.33815,20.33415,,18.6209,,17.21431,14.56763,14.74927,11.11074,11.07058,10.79614,11.42521,12.71999,16.0562,14.31161,15.20969,17.36471,17.21655,18.41495,19.98293,20.25927,,,
China,CHN,"Government expenditure per student, tertiary (% of GDP per capita)",SE.XPD.TERT.PC.ZS,,,,,,,,,,,,,,,,,,,,,,,,,,,,,,,,,,,,,,,58.74403,89.11563,,,,,,,,,,,,,,,,,,,,,
Cote d'Ivoire,CIV,"Government expenditure per student, tertiary (% of GDP per capita)",SE.XPD.TERT.PC.ZS,,,,,,,,,,,,,,,,,,,,,,,,,,,,,,,,,,,,,,136.91261,,141.24161,,,,,,,,124.47137,133.41635,126.97594,144.09475,339.70936,,153.55843,123.47373,124.84419,138.96225,150.17056,,,
Cameroon,CMR,"Government expenditure per student, tertiary (% of GDP per capita)",SE.XPD.TERT.PC.ZS,,,,,,,,,,,,,,,,,,,,,,,,,,,,,,,,,,,,,,,,,,,,,64.2388,64.82092,43.5982,46.27243,30.1412,30.47986,24.99223,35.74725,16.65096,19.36118,,,,,,,
"Congo, Dem. Rep.",COD,"Government expenditure per student, tertiary (% of GDP per capita)",SE.XPD.TERT.PC.ZS,,,,,,,,,,,,,,,,,,,,,,,,,,,,,,,,,,,,,,,,,,,,,,,,,,,,,,72.92908,,,,,,,
"Congo, Rep.",COG,"Government expenditure per student, tertiary (% of GDP per capita)",SE.XPD.TERT.PC.ZS,,,,,,,,,,,,,,,,,,,,,,,,,,,,,,,,,,,,,,,,,,,222.35599,,,,,,,,,,,88.05028,,,,,,,
Colombia,COL,"Government expenditure per student, tertiary (% of GDP per capita)",SE.XPD.TERT.PC.ZS,,,,,,,,,,,,,,,,,,,,,,,,,,,,,,,,,,,,,,,33.54112,37.61925,29.61158,30.36323,,,20.53139,19.41872,,,25.89051,26.65748,28.90539,22.7541,22.61438,19.07659,20.32313,19.8043,20.69567,20.39852,21.64385,,
Comoros,COM,"Government expenditure per student, tertiary (% of GDP per capita)",SE.XPD.TERT.PC.ZS,,,,,,,,,,,,,,,,,,,,,,,,,,,,,,,,,,,,,,,,,,,,,,,,,,,,32.53333,26.80865,27.62387,24.82556,,,,,,
Cabo Verde,CPV,"Government expenditure per student, tertiary (% of GDP per capita)",SE.XPD.TERT.PC.ZS,,,,,,,,,,,,,,,,,,,,,,,,,,,,,,,,,,,,,,,,,,,337.59049,,,69.9513,74.80677,,44.9278,42.62926,,35.42491,,30.98478,33.56374,40.61101,39.26181,38.31764,,,
Costa Rica,CRI,"Government expenditure per student, tertiary (% of GDP per capita)",SE.XPD.TERT.PC.ZS,,,,,,,,,,,,,,,,,,,,,,,,,,,,,,,,,,,,,,,,,,,,,35.82923,,,,,,,30.13085,30.3901,32.4646,32.95088,35.07591,36.69091,38.63966,37.51487,,
Caribbean small states,CSS,"Government expenditure per student, tertiary (% of GDP per capita)",SE.XPD.TERT.PC.ZS,,,,,,,,,,,,,,,,,,,,,,,,,,,,,,,,,,,,,,,,,,71.6931,60.67173,33.01935,38.18464,58.35469,,,44.04528,56.83809,54.52797,49.43669,38.75464,42.04212,,36.59035,,,,,
Cuba,CUB,"Government expenditure per student, tertiary (% of GDP per capita)",SE.XPD.TERT.PC.ZS,,,,,,,,,,,,,,,,,,,,,,,,,,,,,,,,,,,,,,,107.68284,77.69065,94.93268,89.66026,98.29621,,63.45028,55.5874,34.25549,38.78069,,,,,,,,,,,,,
Curacao,CUW,"Government expenditure per student, tertiary (% of GDP per capita)",SE.XPD.TERT.PC.ZS,,,,,,,,,,,,,,,,,,,,,,,,,,,,,,,,,,,,,,,,,,,,,,,,,,,,,,18.13375,,,,,,,
Cayman Islands,CYM,"Government expenditure per student, tertiary (% of GDP per capita)",SE.XPD.TERT.PC.ZS,,,,,,,,,,,,,,,,,,,,,,,,,,,,,,,,,,,,,,,,,,,,,,,,,,,,,,,,,,,,,
Cyprus,CYP,"Government expenditure per student, tertiary (% of GDP per capita)",SE.XPD.TERT.PC.ZS,,,,,,,,,,,,,,,,,,,,,,,,,,,,,,,,,,,,,,,,44.59101,56.96032,38.57723,41.04825,55.75497,47.03364,52.86496,54.32611,50.54004,51.44913,48.41747,34.63859,35.54752,,38.17135,32.45829,29.2699,26.51745,,,,
Czech Republic,CZE,"Government expenditure per student, tertiary (% of GDP per capita)",SE.XPD.TERT.PC.ZS,,,,,,,,,,,,,,,,,,,,,,,,,,,,,,,,,,,,,,,32.5707,31.29979,28.00656,28.47715,28.4727,30.4928,27.60946,24.82194,34.10426,27.96386,23.48651,24.27003,21.93534,25.92255,24.24582,21.76193,20.49576,20.98863,20.34101,,,,
Germany,DEU,"Government expenditure per student, tertiary (% of GDP per capita)",SE.XPD.TERT.PC.ZS,,,,,,,,,,,,,,,,,,,,,,,,,,,,,,,,,,,,,,,,,,,,,,,,,,,,,39.53355,37.25767,36.11148,33.95677,33.58129,,,,
Djibouti,DJI,"Government expenditure per student, tertiary (% of GDP per capita)",SE.XPD.TERT.PC.ZS,,,,,,,,,,,0,,,,,,,,,,,,,,,,,,,,,,,,,,,,,,,,,,,,,,,,193.01456,,,,,,,,,,
Dominica,DMA,"Government expenditure per student, tertiary (% of GDP per capita)",SE.XPD.TERT.PC.ZS,,,,,,,,,,,,,,,,,,,,,,,,,,,,,,,,,,,,,,,,,,,,,,,,,,,,,,,,,,,,,
Denmark,DNK,"Government expenditure per student, tertiary (% of GDP per capita)",SE.XPD.TERT.PC.ZS,,,,,,,,,,,,,,,,,,,,,,,,,,,,,,,,,,,,,,,61.29751,64.40718,68.46375,73.58267,71.96577,65.09406,60.92935,54.10622,52.11558,52.29962,50.38598,54.98638,53.95163,50.9369,41.8996,42.55885,43.12666,,,,,,
Dominican Republic,DOM,"Government expenditure per student, tertiary (% of GDP per capita)",SE.XPD.TERT.PC.ZS,,,,,,,,,,,,,,,,,,,,,,,,,,,,,,,,,,,,,,,,,,,,,,,,,,,,,,,,,,,,,
Algeria,DZA,"Government expenditure per student, tertiary (% of GDP per capita)",SE.XPD.TERT.PC.ZS,,,,,,,,,,,,,,,,,,,,,,,,,,,,,,,,,,,,,,,,,,,,,,,,,,,,,,,,,,,,,
East Asia & Pacific (excluding high income),EAP,"Government expenditure per student, tertiary (% of GDP per capita)",SE.XPD.TERT.PC.ZS,,,,,,,,,,,,,,,,,,,,,,,,,,,,,,,,,,,,,,,,,,,,,,,,,,20.74544,15.55069,18.07199,,,,,,,,,
Early-demographic dividend,EAR,"Government expenditure per student, tertiary (% of GDP per capita)",SE.XPD.TERT.PC.ZS,,,,,,,,,,,,,,,,,,,,,,,,,,,,,,,,,,,,,,,,,,,,,,,,,,,,,,,,,,,,,
East Asia & Pacific,EAS,"Government expenditure per student, tertiary (% of GDP per capita)",SE.XPD.TERT.PC.ZS,,,,,,,,,,,,,,,,,,,,,,,,,,,,,,,,,,,,,,,,,,,,,,,,,,20.956125,18.935635,,,22.28509,,,,,,,
Europe & Central Asia (excluding high income),ECA,"Government expenditure per student, tertiary (% of GDP per capita)",SE.XPD.TERT.PC.ZS,,,,,,,,,,,,,,,,,,,,,,,,,,,,,,,,,,,,,,,,,,,,,,,21.760525,,18.902635,,,,18.22329,16.52777,,,19.82112,15.854015,,,
Europe & Central Asia,ECS,"Government expenditure per student, tertiary (% of GDP per capita)",SE.XPD.TERT.PC.ZS,,,,,,,,,,,,,,,,,,,,,,,,,,,,,,,,,,,,,,,,,,27.27497,25.400735,24.91938,23.738685,23.904325,24.43468,24.58628,23.86983,25.63828,24.1495,26.87704,24.54513,25.74607,31.87478,27.14179,25.75455,,,,
Ecuador,ECU,"Government expenditure per student, tertiary (% of GDP per capita)",SE.XPD.TERT.PC.ZS,,,,,,,,,,,,,,,,,,,,,,,,,,,,,,,,,,,,,,,,,,,,,,,,,,,,,43.27051,43.25526,,52.67572,,,,,
"Egypt, Arab Rep.",EGY,"Government expenditure per student, tertiary (% of GDP per capita)",SE.XPD.TERT.PC.ZS,,,,,,,,,,,,,,,,,,,,,,,,,,,,,,,,,,,,,,,,,,,,,,,,,,,,,,,,,,,,,
Euro area,EMU,"Government expenditure per student, tertiary (% of GDP per capita)",SE.XPD.TERT.PC.ZS,,,,,,,,,,,,,,,,,,,,,,,,,,,,,,,,,,,,,,,29.873725,27.479025,25.76338,26.2307,25.075,22.704365,22.74967,23.4954,23.86542,24.62767,26.13802,28.906405,29.002135,27.10247,27.750025,29.62048,31.87478,29.2699,27.60007,,,,
Eritrea,ERI,"Government expenditure per student, tertiary (% of GDP per capita)",SE.XPD.TERT.PC.ZS,,,,,,,,,,,,,,,,,,,,,,,,,,,,,,,,,,,,,,,,,,245.24878,236.37998,,592.34362,,,,,,,,,,,,,,,,
Spain,ESP,"Government expenditure per student, tertiary (% of GDP per capita)",SE.XPD.TERT.PC.ZS,,,,,,,,,,,,,,,,,,,,,,,,,,,,,,,,,,,,,,,19.62106,19.38165,20.18436,20.93246,21.35733,22.17697,22.15535,22.28554,23.01221,24.62767,26.80364,28.60976,27.99309,27.3279,23.84988,23.29205,22.98794,22.91741,21.81691,,,,
Estonia,EST,"Government expenditure per student, tertiary (% of GDP per capita)",SE.XPD.TERT.PC.ZS,,,,,,,,,,,,,,,,,,,,,,,,,,,,,,,,,,,,,,38.25692,31.30347,32.02581,,24.60233,24.50902,21.97225,17.71677,18.35466,,19.98312,21.50515,25.63828,23.18904,24.17478,20.40295,27.77545,31.87478,33.95498,36.92339,,,,
Ethiopia,ETH,"Government expenditure per student, tertiary (% of GDP per capita)",SE.XPD.TERT.PC.ZS,,,,,,,,,,,,,,,,,,,,,,,,,,,,,,,,,,,,,,612.65126,,,,,,,,,,,,356.95402,291.54039,341.20294,339.00119,,266.22747,,,,,,
European Union,EUU,"Government expenditure per student, tertiary (% of GDP per capita)",SE.XPD.TERT.PC.ZS,,,,,,,,,,,,,,,,,,,,,,,,,,,,,,,,,,,,,,,32.095675,30.64629,28.20551,27.1982,25.31716,24.91938,23.31321,23.466995,23.597585,24.58628,24.82162,26.617895,24.551625,26.399795,24.55553,26.27299,26.89935,27.748495,26.307935,,,,
Fragile and conflict affected situations,FCS,"Government expenditure per student, tertiary (% of GDP per capita)",SE.XPD.TERT.PC.ZS,,,,,,,,,,,,,,,,,,,,,,,,,,,,,,,,,,,,,,,,,,,,,,,,,,,,,,,,,,,,,
Finland,FIN,"Government expenditure per student, tertiary (% of GDP per capita)",SE.XPD.TERT.PC.ZS,,,,,,,,,,,,,,,,,,,,,,,,,,,,,,,,,,,,,,,,39.0179,37.27151,35.74196,35.85259,35.35128,34.62936,32.91852,32.03604,30.50613,31.10585,37.05012,36.80425,36.27448,36.01216,35.47931,35.79621,34.49292,33.93205,,,,
Fiji,FJI,"Government expenditure per student, tertiary (% of GDP per capita)",SE.XPD.TERT.PC.ZS,,,,,,,,,,,,,,,,,,,,,,,,,,,,,,,,,,,,,,,,,,,,,62.67258,,,,,,,,,,,,,,,,
France,FRA,"Government expenditure per student, tertiary (% of GDP per capita)",SE.XPD.TERT.PC.ZS,,,,,,,,,,,,,,,,,,,,,,,,,,,,,,,,,,,,,,,,29.99279,29.49665,,,34.20437,34.27348,33.63592,33.76937,35.15927,36.00706,38.9199,37.30938,36.36891,34.06808,33.75392,33.43725,32.96949,31.62493,,,,
Faroe Islands,FRO,"Government expenditure per student, tertiary (% of GDP per capita)",SE.XPD.TERT.PC.ZS,,,,,,,,,,,,,,,,,,,,,,,,,,,,,,,,,,,,,,,,,,,,,,,,,,,,,,,,,,,,,
"Micronesia, Fed. Sts.",FSM,"Government expenditure per student, tertiary (% of GDP per capita)",SE.XPD.TERT.PC.ZS,,,,,,,,,,,,,,,,,,,,,,,,,,,,,,,,,,,,,,,,,,,,,,,,,,,,,,,,,,,,,
Gabon,GAB,"Government expenditure per student, tertiary (% of GDP per capita)",SE.XPD.TERT.PC.ZS,,,,,,,,,,,,,,,,,,,,,,,,,,,,,,,,,0,,,,,,,,,,,,,,,,,,,,,,,,,,,,
United Kingdom,GBR,"Government expenditure per student, tertiary (% of GDP per capita)",SE.XPD.TERT.PC.ZS,,,,,,,,,,,,,,,,,,,,,,,,,,,,,,,,,,,,,,,27.90508,22.71169,20.67319,20.34455,25.48431,24.79769,24.37405,29.03337,26.05054,22.14017,20.34569,18.77949,23.64564,31.421,,40.20748,41.20273,35.35066,37.99046,,,,
Georgia,GEO,"Government expenditure per student, tertiary (% of GDP per capita)",SE.XPD.TERT.PC.ZS,,,,,,,,,,,,,,,,,,,,,,,,,,,,,,,,,,,,,,,,,,,,,,,,,10.0113,,,10.22415,14.26683,,,,11.44,10.02091,,,
Ghana,GHA,"Government expenditure per student, tertiary (% of GDP per capita)",SE.XPD.TERT.PC.ZS,,,,,,,,,,,,,,,,,,,,,,,,,,,,,,,,,,,,,,,,,,,,,,298.91431,216.88525,235.53867,184.35349,150.87295,,94.90392,133.37936,67.09234,55.54285,,,,,,
Gibraltar,GIB,"Government expenditure per student, tertiary (% of GDP per capita)",SE.XPD.TERT.PC.ZS,,,,,,,,,,,,,,,,,,,,,,,,,,,,,,,,,,,,,,,,,,,,,,,,,,,,,,,,,,,,,
Guinea,GIN,"Government expenditure per student, tertiary (% of GDP per capita)",SE.XPD.TERT.PC.ZS,,,,,,,,,,,,,,,,,,,,,,,,,,,,,,,,,,,,,,,,,,,,,295.31023,216.40755,,,66.07549,89.69088,95.63201,100.09901,64.45958,90.80184,89.67391,,,,,,
"Gambia, The",GMB,"Government expenditure per student, tertiary (% of GDP per capita)",SE.XPD.TERT.PC.ZS,,,,,,,,,,,,,,,,,,,,,,,,,,,,,,,,,,,,,,,,,,,,,156.55495,,,,,,222.36201,103.31477,114.99424,,,,,,,,
Guinea-Bissau,GNB,"Government expenditure per student, tertiary (% of GDP per capita)",SE.XPD.TERT.PC.ZS,,,,,,,,,,,,,,,,,,,,,,,,,,,,,,,,,,,,,,,,,,,,,,,,,,,,,,,,,,,,,
Equatorial Guinea,GNQ,"Government expenditure per student, tertiary (% of GDP per capita)",SE.XPD.TERT.PC.ZS,,,,,,,,,,,,,,,,,,,,,,,,,,,,,,,,,,,,,,,,,,,,,,,,,,,,,,,,,,,,,
Greece,GRC,"Government expenditure per student, tertiary (% of GDP per capita)",SE.XPD.TERT.PC.ZS,,,,,,,,,,,,,,,,,,,,,,,,,,,,,,,,,,,,,,,25.67499,24.45624,19.86329,23.33121,22.87172,20.64593,23.31321,24.31325,,,,,,,,,,11.19976,,,,,
Grenada,GRD,"Government expenditure per student, tertiary (% of GDP per capita)",SE.XPD.TERT.PC.ZS,,,,,,,,,,,,,,,,,,,,,,,,,,,,,,,,,,,,,,,,,,,,,,,,,,,,,,,,,,5.19902,,,
Greenland,GRL,"Government expenditure per student, tertiary (% of GDP per capita)",SE.XPD.TERT.PC.ZS,,,,,,,,,,,,,,,,,,,,,,,,,,,,,,,,,,,,,,,,,,,,,,,,,,,,,,,,,,,,,
Guatemala,GTM,"Government expenditure per student, tertiary (% of GDP per capita)",SE.XPD.TERT.PC.ZS,,,,,,,,,,,,,,,,,,,,,,,,,,,,,,,,,,,,,,,,,,,,,,,,19.43099,,,19.91692,21.68904,21.94134,17.38998,19.02813,18.05949,,,,,
Guam,GUM,"Government expenditure per student, tertiary (% of GDP per capita)",SE.XPD.TERT.PC.ZS,,,,,,,,,,,,,,,,,,,,,,,,,,,,,,,,,,,,,,,,,,,,,,,,,,,,,,,,,,,,,
Guyana,GUY,"Government expenditure per student, tertiary (% of GDP per capita)",SE.XPD.TERT.PC.ZS,,,,,,,,,,,,,,,,,,,,,,,,,,,,,,,,,,,,,,,,,,,,,36.77189,,27.00669,21.90601,,25.46028,18.18247,12.48065,13.7399,,,,,,,,
High income,HIC,"Government expenditure per student, tertiary (% of GDP per capita)",SE.XPD.TERT.PC.ZS,,,,,,,,,,,,,,,,,,,,,,,,,,,,,,,,,,,,,,,,29.99279,,27.1982,26.0169,24.99642,23.87014,23.904325,23.86542,24.62767,24.82162,27.59751,24.65824,25.92255,24.53473,26.27299,26.68993,26.91991,25.40887,,,,
"Hong Kong SAR, China",HKG,"Government expenditure per student, tertiary (% of GDP per capita)",SE.XPD.TERT.PC.ZS,,,,,,,,,,,,,,,,,,,,,,,,,,,,,,,,,,,,,,,,,,,,,63.03684,52.2215,50.3713,37.43397,27.54043,54.69056,25.67837,25.43375,30.16774,34.79222,24.59004,23.31769,24.33261,23.04764,24.20304,,
Honduras,HND,"Government expenditure per student, tertiary (% of GDP per capita)",SE.XPD.TERT.PC.ZS,,,,,,,,,,,,,,,,,,,,,,,,,,,,,,,,,,,,,,,,,,,,,,,,,,,43.56348,,48.12399,52.02067,46.89926,40.93656,,,,,
Heavily indebted poor countries (HIPC),HPC,"Government expenditure per student, tertiary (% of GDP per capita)",SE.XPD.TERT.PC.ZS,,,,,,,,,,,,,,,,,,,,,,,,,,,,,,,,,,,,,,,,,,,,,,,,,,,168.165525,109.967365,102.84457,,,,,,,,
Croatia,HRV,"Government expenditure per student, tertiary (% of GDP per capita)",SE.XPD.TERT.PC.ZS,,,,,,,,,,,,,,,,,,,,,,,,,,,,,,,,,,,,,,,,35.02916,42.32382,,27.90867,25.35383,23.60723,,,24.19965,28.17146,25.58302,22.24972,25.54797,,25.74607,,,,,,,
Haiti,HTI,"Government expenditure per student, tertiary (% of GDP per capita)",SE.XPD.TERT.PC.ZS,,,,,,,,,,,,,,,,,,,,,,,,,,,,,,,,,,,,,,,,,,,,,,,,,,,,,,,,,,,,,
Hungary,HUN,"Government expenditure per student, tertiary (% of GDP per capita)",SE.XPD.TERT.PC.ZS,,,,,,,,,,,,,,,,,,,,,,,,,,,,,,,,,,,,,,,34.7165,33.45153,33.96201,32.02379,31.35122,31.07815,23.87014,23.28688,23.32975,23.64241,24.17084,27.59751,24.65824,28.09955,21.15852,25.40906,23.33577,21.24612,25.40887,,,,
IBRD only,IBD,"Government expenditure per student, tertiary (% of GDP per capita)",SE.XPD.TERT.PC.ZS,,,,,,,,,,,,,,,,,,,,,,,,,,,,,,,,,,,,,,,,,,,,,,,,,,,,,22.51235,19.47978,,,,,,,
IDA & IBRD total,IBT,"Government expenditure per student, tertiary (% of GDP per capita)",SE.XPD.TERT.PC.ZS,,,,,,,,,,,,,,,,,,,,,,,,,,,,,,,,,,,,,,,,,,,,,,,,,,,,,,,,,,,,,
IDA total,IDA,"Government expenditure per student, tertiary (% of GDP per capita)",SE.XPD.TERT.PC.ZS,,,,,,,,,,,,,,,,,,,,,,,,,,,,,,,,,,,,,,,,,,,,,,,,,,,95.63201,,,,,,,,,,
IDA blend,IDB,"Government expenditure per student, tertiary (% of GDP per capita)",SE.XPD.TERT.PC.ZS,,,,,,,,,,,,,,,,,,,,,,,,,,,,,,,,,,,,,,,,,,,,,,,,,,,,,,,,,,,,,
Indonesia,IDN,"Government expenditure per student, tertiary (% of GDP per capita)",SE.XPD.TERT.PC.ZS,,,,,,,,,,,,,,,,,,,,,,,,,,,,,,,,,,,,,,24.04874,,,,,,,,,,23.70688,16.9734,21.05883,21.83162,,23.32807,21.60243,19.53687,20.76979,,,,,
IDA only,IDX,"Government expenditure per student, tertiary (% of GDP per capita)",SE.XPD.TERT.PC.ZS,,,,,,,,,,,,,,,,,,,,,,,,,,,,,,,,,,,,,,,,,,,,,,,,,,,136.325195,100.09901,,,,,,,,,
Isle of Man,IMN,"Government expenditure per student, tertiary (% of GDP per capita)",SE.XPD.TERT.PC.ZS,,,,,,,,,,,,,,,,,,,,,,,,,,,,,,,,,,,,,,,,,,,,,,,,,,,,,,,,,,,,,
India,IND,"Government expenditure per student, tertiary (% of GDP per capita)",SE.XPD.TERT.PC.ZS,,,,,,,,,,,,,,,,,,,,,,,,,,,,,,,,,,,,,,,,,96.88233,,,70.25823,62.91641,59.80892,56.92187,,,77.55281,71.54343,60.97288,54.44577,49.27271,,,,,,,
Not classified,INX,"Government expenditure per student, tertiary (% of GDP per capita)",SE.XPD.TERT.PC.ZS,,,,,,,,,,,,,,,,,,,,,,,,,,,,,,,,,,,,,,,,,,,,,,,,,,,,,,,,,,,,,
Ireland,IRL,"Government expenditure per student, tertiary (% of GDP per capita)",SE.XPD.TERT.PC.ZS,,,,,,,,,,,,,,,,,,,,,,,,,,,,,,,,,,,,,,,28.44398,27.92329,29.67067,27.12143,25.30856,23.00727,22.74967,23.4954,25.00394,25.42936,31.84588,36.18447,31.53732,29.69555,28.56806,25.6625,22.76605,18.99692,15.54304,,,,
"Iran, Islamic Rep.",IRN,"Government expenditure per student, tertiary (% of GDP per capita)",SE.XPD.TERT.PC.ZS,,,,,,,,,,,,,,,,,,,,,,,,,,,,,,,,,,,,,,,,,,32.9835,35.11431,29.24287,23.43159,20.20363,25.69523,23.35713,17.01206,18.22381,15.23897,17.00301,14.83633,12.1726,12.80467,,18.12099,24.15663,,,
Iraq,IRQ,"Government expenditure per student, tertiary (% of GDP per capita)",SE.XPD.TERT.PC.ZS,,,,,,,,,,,,,,,,,,,,,,,,,,,,,,,,,,,,,,,,,,,,,,,,,,,,,,,,,,,,,
Iceland,ISL,"Government expenditure per student, tertiary (% of GDP per capita)",SE.XPD.TERT.PC.ZS,,,,,,,,,,,,,,,,,,,,,,,,,,,,,,,,,,,,,,,,38.02443,33.92496,33.61737,32.81309,29.24665,26.34483,27.52771,25.35656,25.98655,26.71026,27.58608,26.39043,22.41595,24.73664,23.88149,23.86484,24.7867,27.31457,,,,
Israel,ISR,"Government expenditure per student, tertiary (% of GDP per capita)",SE.XPD.TERT.PC.ZS,,,,,,,,,,,,,,,,,,,,,,,,,,,,,,,,,,,,,,,30.88002,29.285,27.53972,27.07987,23.7068,26.0644,22.14951,21.28346,21.5983,21.2449,19.91179,20.78325,19.79111,19.16336,21.08343,21.91679,20.93237,19.25088,18.18129,,,,
Italy,ITA,"Government expenditure per student, tertiary (% of GDP per capita)",SE.XPD.TERT.PC.ZS,,,,,,,,,,,,,,,,,,,,,,,,,,,,,,,,,,,,,,,22.14214,26.50089,25.58481,24.00849,25.31716,22.40146,21.60069,21.07472,22.08651,20.92153,23.56882,24.34607,24.44501,24.20626,24.53473,26.27299,26.27229,25.26641,24.32675,,,,
Jamaica,JAM,"Government expenditure per student, tertiary (% of GDP per capita)",SE.XPD.TERT.PC.ZS,,,,,,,,,,,,,,,,,,,,,,,,,,,,,,,,,,,,,,,,,,71.6931,60.67173,33.01935,38.18464,58.35469,,,44.04528,56.83809,54.52797,49.43669,38.75464,42.04212,,36.59035,,,,,
Jordan,JOR,"Government expenditure per student, tertiary (% of GDP per capita)",SE.XPD.TERT.PC.ZS,,,,,,,,,,,,,,,,,,,,,,,,,,,,,,,,,,,,,,77.36125,,,,,,,,,,,,,,,,,,,23.18203,22.61967,25.32656,,
Japan,JPN,"Government expenditure per student, tertiary (% of GDP per capita)",SE.XPD.TERT.PC.ZS,,,,,,,,,,,,,,,,,,,,,,,,,,,,,,,,,,,,,,,,,,,,,,,,,,,,,,23.99086,24.36669,,20.60904,,,,
Kazakhstan,KAZ,"Government expenditure per student, tertiary (% of GDP per capita)",SE.XPD.TERT.PC.ZS,,,,,,,,,,,,,,,,,,,,,,,,,,,,,,,,,,,,,,,,,,,,,,,7.49532,,,,,,,9.56983,9.23194,11.33543,9.89648,8.5651,7.46282,,
Kenya,KEN,"Government expenditure per student, tertiary (% of GDP per capita)",SE.XPD.TERT.PC.ZS,,,,,,,,,,,,,,,,,,,,,,,,,,,,,,,,,,,,,,,,,212.22839,230.14649,,,280.69714,,,,,,,,,,,76.42309,,,,,
Kyrgyz Republic,KGZ,"Government expenditure per student, tertiary (% of GDP per capita)",SE.XPD.TERT.PC.ZS,,,,,,,,,,,,,,,,,,,,,,,,,,,,,,,,,,,,,,,36.08043,24.20849,15.74191,17.22572,20.8013,22.34201,22.78565,21.89344,22.2978,22.63517,19.04264,19.6311,18.87649,,18.43656,17.40966,5.58524,,4.84321,4.89776,,,
Cambodia,KHM,"Government expenditure per student, tertiary (% of GDP per capita)",SE.XPD.TERT.PC.ZS,,,,,,,,,,,,,,,,,,,,,,,,,,,,,,,,,,,,,,,,,,,,,,,,,,8.80257,6.57624,5.25497,,,,,,,,,
Kiribati,KIR,"Government expenditure per student, tertiary (% of GDP per capita)",SE.XPD.TERT.PC.ZS,,,,,,,,,,,,,,,,,,,,,,,,,,,,,,,,,,,,,,,,,,,,,,,,,,,,,,,,,,,,,
St. Kitts and Nevis,KNA,"Government expenditure per student, tertiary (% of GDP per capita)",SE.XPD.TERT.PC.ZS,,,,,,,,,,,,,,,,,,,,,,,,,,,,,,,,,,,,,,,,,,,,,,,,,,,,,,,,5.84161,,,,,
"Korea, Rep.",KOR,"Government expenditure per student, tertiary (% of GDP per capita)",SE.XPD.TERT.PC.ZS,,,,,,,,,,,,,,,,,,,,,,,,,,,,,,,,,,,,,,,6.48121,7.68231,,,,,,,,,,,,,,,,14.76092,15.02377,,,,
Kuwait,KWT,"Government expenditure per student, tertiary (% of GDP per capita)",SE.XPD.TERT.PC.ZS,,,,,,,,,,,,,,,,,,,,,,,,,,,,,,,,,,,,,,97.03287,,,,,124.60588,132.25856,112.89651,,,,,,,,,,,,,,,,
Latin America & Caribbean (excluding high income),LAC,"Government expenditure per student, tertiary (% of GDP per capita)",SE.XPD.TERT.PC.ZS,,,,,,,,,,,,,,,,,,,,,,,,,,,,,,,,,,,,,,,,,,,,,32.36675,,,,,,27.66643,,29.13568,31.14099,,34.05957,,,,,
Lao PDR,LAO,"Government expenditure per student, tertiary (% of GDP per capita)",SE.XPD.TERT.PC.ZS,,,,,,,,,,,,,,,,,,,,,,,,,,,,,,,,,,,,,,66.94546,,,69.72796,110.14221,85.14964,,,,,,,20.85342,14.651,18.07199,14.61925,21.67916,20.34415,,,,,,
Lebanon,LBN,"Government expenditure per student, tertiary (% of GDP per capita)",SE.XPD.TERT.PC.ZS,,,,,,,,,,,,,,,,,,,,,,,,,,,,,,,,,,,,,,,,,,,21.25306,,19.56536,21.58644,20.80963,16.64964,14.09011,11.31736,10.74533,10.46455,17.12481,19.47978,,,,,,,
Liberia,LBR,"Government expenditure per student, tertiary (% of GDP per capita)",SE.XPD.TERT.PC.ZS,,,,,,,,,,,,,,,,,,,,,,,,,,,,,,,,,,,,,,,,,,,,,,,,,,,,,51.35162,,,,,,,,
Libya,LBY,"Government expenditure per student, tertiary (% of GDP per capita)",SE.XPD.TERT.PC.ZS,,,,,,,,,,,,,,,,,,,,,,,,,,,,,,,,,,,,,,,,20.41819,,,,,,,,,,,,,,,,,,,,,
St. Lucia,LCA,"Government expenditure per student, tertiary (% of GDP per capita)",SE.XPD.TERT.PC.ZS,,,,,,,,,,,,,,,,,,,,,,,,,,,,,,,,,,,,,,,,,,,,,,,,,,13.13302,15.31342,12.6902,,,,,,,0,,
Latin America & Caribbean,LCN,"Government expenditure per student, tertiary (% of GDP per capita)",SE.XPD.TERT.PC.ZS,,,,,,,,,,,,,,,,,,,,,,,,,,,,,,,,,,,,,,,,,,,,,23.168055,,,,,,,,25.24782,31.14099,,,,,,,
Least developed countries: UN classification,LDC,"Government expenditure per student, tertiary (% of GDP per capita)",SE.XPD.TERT.PC.ZS,,,,,,,,,,,,,,,,,,,,,,,,,,,,,,,,,,,,,,,,,,,,,,,,,,,162.81621,100.318205,,,,,,,,,
Low income,LIC,"Government expenditure per student, tertiary (% of GDP per capita)",SE.XPD.TERT.PC.ZS,,,,,,,,,,,,,,,,,,,,,,,,,,,,,,,,,,,,,,,,,,,,,,,,,,,,109.967365,,,,,,,,,
Liechtenstein,LIE,"Government expenditure per student, tertiary (% of GDP per capita)",SE.XPD.TERT.PC.ZS,,,,,,,,,,,,,,,,,,,,,,,,,,,,,,,,,,,,,,,,,,,,24.58953,21.88283,,10.24261,9.1402,,,,,,,,,,,,,
Sri Lanka,LKA,"Government expenditure per student, tertiary (% of GDP per capita)",SE.XPD.TERT.PC.ZS,,,,,,,,,,,,,,,,,,,,,,,,,,,,,,,,,,,,,,,,,,,,,,,,,,,21.85289,27.04113,21.08954,23.67263,26.8462,29.412,30.52166,26.60908,31.55806,,
Lower middle income,LMC,"Government expenditure per student, tertiary (% of GDP per capita)",SE.XPD.TERT.PC.ZS,,,,,,,,,,,,,,,,,,,,,,,,,,,,,,,,,,,,,,,,,,,,,,,,,,,,,,,,,,,,,
Low & middle income,LMY,"Government expenditure per student, tertiary (% of GDP per capita)",SE.XPD.TERT.PC.ZS,,,,,,,,,,,,,,,,,,,,,,,,,,,,,,,,,,,,,,,,,,,,,,,,,,,,,,,,,,,,,
Lesotho,LSO,"Government expenditure per student, tertiary (% of GDP per capita)",SE.XPD.TERT.PC.ZS,,,,,,,,,,,,,,,,,,,,,,,,,,,,,,,,,,,,,,1114.21603,,,841.83405,793.78806,,,,,1046.17915,,,,,,,,,,,,44.69406,,
Late-demographic dividend,LTE,"Government expenditure per student, tertiary (% of GDP per capita)",SE.XPD.TERT.PC.ZS,,,,,,,,,,,,,,,,,,,,,,,,,,,,,,,,,,,,,,,,,,,25.30856,,22.74967,,,,20.3411,26.14788,21.14505,22.7541,22.61438,24.54461,26.000875,25.715835,23.31199,,,,
Lithuania,LTU,"Government expenditure per student, tertiary (% of GDP per capita)",SE.XPD.TERT.PC.ZS,,,,,,,,,,,,,,,,,,,,,,,,,,,,,,,,,,,,,,44.90075,,,,33.82001,32.19494,20.07651,19.5678,17.39589,16.30627,16.13788,16.01176,16.8635,19.20368,23.57808,24.55553,24.57223,26.89075,24.80784,17.99265,,,,
Luxembourg,LUX,"Government expenditure per student, tertiary (% of GDP per capita)",SE.XPD.TERT.PC.ZS,,,,,,,,,,,,,,,,,,,,,,,,,,,,,,,,,,,,,,,,,,,,,,,,,,,,,0.39603,,41.11313,42.75533,,,,,
Latvia,LVA,"Government expenditure per student, tertiary (% of GDP per capita)",SE.XPD.TERT.PC.ZS,,,,,,,,,,,,,,,,,,,,,,,,,,,,,,,,,,,,,,34.05098,31.62065,27.03476,22.31439,19.38636,18.0672,13.52347,11.57517,,14.28632,14.70856,15.96512,13.29023,15.03855,20.04302,29.38398,29.62048,25.51264,27.37707,17.72948,,,,
"Macao SAR, China",MAC,"Government expenditure per student, tertiary (% of GDP per capita)",SE.XPD.TERT.PC.ZS,,,,,,,,,,,,,,,,,,,,,,,,,,,,,,,,,,,,,,,,53.53328,54.24626,,25.3062,20.1443,19.0448,21.53847,19.18789,16.00569,16.40389,15.48866,23.24413,28.85212,49.61225,19.14788,17.35804,24.61862,23.20479,19.0542,,,
St. Martin (French part),MAF,"Government expenditure per student, tertiary (% of GDP per capita)",SE.XPD.TERT.PC.ZS,,,,,,,,,,,,,,,,,,,,,,,,,,,,,,,,,,,,,,,,,,,,,,,,,,,,,,,,,,,,,
Morocco,MAR,"Government expenditure per student, tertiary (% of GDP per capita)",SE.XPD.TERT.PC.ZS,,,,,,,,,,,,,,,,,,,,,,,,,,,,,,,,,,,,,,,92.55004,92.72393,99.82809,,,,,,,,,82.09375,,,,,,,,,,,
Monaco,MCO,"Government expenditure per student, tertiary (% of GDP per capita)",SE.XPD.TERT.PC.ZS,,,,,,,,,,,,,,,,,,,,,,,,,,,,,,,,,,,,,,,,,,,,,,,,,,,,,,,,,,,,,
Moldova,MDA,"Government expenditure per student, tertiary (% of GDP per capita)",SE.XPD.TERT.PC.ZS,,,,,,,,,,,,,,,,,,,,,,,,,,,,,,,,,,,,,,,,,,,,,,,36.31218,38.98779,38.18395,45.30878,37.34812,35.79604,34.9865,,32.93997,,31.4807,30.62616,26.64596,,
Madagascar,MDG,"Government expenditure per student, tertiary (% of GDP per capita)",SE.XPD.TERT.PC.ZS,,,,,,,,,,,,,,,,,,,,,,,,,,,,,,,,,,,,,,209.25402,154.44129,,,,,,,158.34654,160.7926,143.1506,144.03466,146.90817,,95.27281,102.84457,,,0.03371,0.03809,,,,
Maldives,MDV,"Government expenditure per student, tertiary (% of GDP per capita)",SE.XPD.TERT.PC.ZS,,,,,,,,,,,,,,,,,,,,,,,,,,,,,,,,,,,,,,,,,,,,,,,,,,,,,,,31.87037,,,,,,
Middle East & North Africa,MEA,"Government expenditure per student, tertiary (% of GDP per capita)",SE.XPD.TERT.PC.ZS,,,,,,,,,,,,,,,,,,,,,,,,,,,,,,,,,,,,,,,,,,,,,,,,,,,,,,,,,,,,,
Mexico,MEX,"Government expenditure per student, tertiary (% of GDP per capita)",SE.XPD.TERT.PC.ZS,,,,,,,,,,,,,,,,,,,,,,,,,,,,,,,,,,,,,,,37.77782,38.70704,,30.12056,41.38617,39.40927,36.99457,37.59587,35.53505,37.41202,38.40126,43.14149,40.64967,35.91201,36.31664,36.90735,39.11807,36.45238,29.65754,,,,
Marshall Islands,MHL,"Government expenditure per student, tertiary (% of GDP per capita)",SE.XPD.TERT.PC.ZS,,,,,,,,,,,,,,,,,,,,,,,,,,,,,,,,,,,,,,,,,,,73.92703,,,,,,,,,,,,,,,,,,
Middle income,MIC,"Government expenditure per student, tertiary (% of GDP per capita)",SE.XPD.TERT.PC.ZS,,,,,,,,,,,,,,,,,,,,,,,,,,,,,,,,,,,,,,,,,,,,,,,,,,,,,,29.81738,,,,,,,
North Macedonia,MKD,"Government expenditure per student, tertiary (% of GDP per capita)",SE.XPD.TERT.PC.ZS,,,,,,,,,,,,,,,,,,,,,,,,,,,,,,,,,,,,,,,,,,,22.70138,,,,,,,,,,,,,,,,,,
Mali,MLI,"Government expenditure per student, tertiary (% of GDP per capita)",SE.XPD.TERT.PC.ZS,,,,,,,,,,,,,,,,,,,,,,,,,,,,,,,,,,,,,,,290.05898,186.22427,,,,,,,,,114.27258,116.53614,128.55564,181.3255,114.94054,111.89054,152.13595,165.6316,188.86353,166.91975,,,
Malta,MLT,"Government expenditure per student, tertiary (% of GDP per capita)",SE.XPD.TERT.PC.ZS,,,,,,,,,,,,,,,,,,,,,,,,,,,,,,,,,,,,,,,42.0831,,,,44.34047,,25.0676,,,37.47493,42.59991,45.02282,56.31045,39.27497,49.69013,51.35467,47.10169,44.39611,,,,,
Myanmar,MMR,"Government expenditure per student, tertiary (% of GDP per capita)",SE.XPD.TERT.PC.ZS,,,,,,,,,,,,,,,,,,,,,,,,,,,,,,,,,,,,,,,,,,,,,,,,,,,,11.55094,,,,,,,16.6916,,
Middle East & North Africa (excluding high income),MNA,"Government expenditure per student, tertiary (% of GDP per capita)",SE.XPD.TERT.PC.ZS,,,,,,,,,,,,,,,,,,,,,,,,,,,,,,,,,,,,,,,,,,,,,,,,,,,,,,,,,,,,,
Montenegro,MNE,"Government expenditure per student, tertiary (% of GDP per capita)",SE.XPD.TERT.PC.ZS,,,,,,,,,,,,,,,,,,,,,,,,,,,,,,,,,,,,,,,,,,,,,,,,,,,,,,,,,,,,,
Mongolia,MNG,"Government expenditure per student, tertiary (% of GDP per capita)",SE.XPD.TERT.PC.ZS,,,,,,,,,,,,,,,,,,,,,,,,,,,,,,,,,,,,,,33.33165,,,,,30.1697,,18.30546,,,,,,5.09328,2.85537,16.50433,13.22666,11.30382,7.9848,10.67267,5.18859,,,
Northern Mariana Islands,MNP,"Government expenditure per student, tertiary (% of GDP per capita)",SE.XPD.TERT.PC.ZS,,,,,,,,,,,,,,,,,,,,,,,,,,,,,,,,,,,,,,,,,,,,,,,,,,,,,,,,,,,,,
Mozambique,MOZ,"Government expenditure per student, tertiary (% of GDP per capita)",SE.XPD.TERT.PC.ZS,,,,,,,,,,,,,,,,,,,,,,,,,,,,,,,,,,,,,,,,1171.91177,,,,,,,253.00431,,,,,,148.65744,165.60055,,,,,,,
Mauritania,MRT,"Government expenditure per student, tertiary (% of GDP per capita)",SE.XPD.TERT.PC.ZS,,,,,,,,,,,,,,,,,,,,,,,,,,,,,,,,,,,,,,53.87135,,85.90521,,,,,,,,,163.09107,,162.81621,87.23176,70.43038,67.48049,,92.77992,95.78092,,,,
Mauritius,MUS,"Government expenditure per student, tertiary (% of GDP per capita)",SE.XPD.TERT.PC.ZS,,,,,,,,,,,,,,,,,,,,,,,,,,,,,,,,,,,,,,,,,,24.98447,33.77591,46.38897,41.516,27.54463,21.11129,,15.15406,15.55413,12.44074,9.25467,8.39031,8.77186,10.81858,11.11475,10.53482,9.57631,,,
Malawi,MWI,"Government expenditure per student, tertiary (% of GDP per capita)",SE.XPD.TERT.PC.ZS,,,,,,,,,,,,,,,,,,,,,,,,,,,,,,,,,,,,,,,,2489.7533,2487.14137,1857.0333,,,,,,,,,1447.392,1317.59933,,,,,,,,,
Malaysia,MYS,"Government expenditure per student, tertiary (% of GDP per capita)",SE.XPD.TERT.PC.ZS,,,,,,,,,,,,,,,,,,,,,,,,,,,,,,,,,,,,,,,,,80.8602,109.09435,97.63051,89.3199,68.26787,,57.60349,47.9295,,59.51631,45.47487,58.89758,44.10929,44.12602,,,25.90471,24.78556,23.75401,,
North America,NAC,"Government expenditure per student, tertiary (% of GDP per capita)",SE.XPD.TERT.PC.ZS,,,,,,,,,,,,,,,,,,,,,,,,,,,,,,,,,,,,,,,42.85008,,,,,,,,,40.28518,36.35893,40.19827,32.761025,31.55861,21.89296,25.032455,29.08214,29.227265,25.434805,,,,
Namibia,NAM,"Government expenditure per student, tertiary (% of GDP per capita)",SE.XPD.TERT.PC.ZS,,,,,,,,,,,,,,,,,,,,,,,,,,,,,,,,,,,,,,,,134.2174,,,81.70388,95.92954,,,115.26448,,,,,,,,76.01238,,,,,,
New Caledonia,NCL,"Government expenditure per student, tertiary (% of GDP per capita)",SE.XPD.TERT.PC.ZS,,,,,,,,,,,,,,,,,,,,,,,,,,,,,,,,,,,,,,,,,,,,,,,,,,,,,,,,,,,,,
Niger,NER,"Government expenditure per student, tertiary (% of GDP per capita)",SE.XPD.TERT.PC.ZS,,,,,,,,,,,,,,,,,,,,,,,,,,,,,,,,,,,,,,,,,,,,,,,377.21895,568.63951,411.83055,445.77468,451.90547,564.54315,623.27731,,,312.53591,314.50436,275.24802,,,
Nigeria,NGA,"Government expenditure per student, tertiary (% of GDP per capita)",SE.XPD.TERT.PC.ZS,,,,,,,,,,,,,,,,,,,,,,,,,,,,,,,,,,,,,,,,,,,,,,,,,,,,,,,,,,,,,
Nicaragua,NIC,"Government expenditure per student, tertiary (% of GDP per capita)",SE.XPD.TERT.PC.ZS,,,,,,,,,,,,,,,,,,,,,,,,,,,,,,,,,,,,,,,,,,,,,,,,,,,,,,,,,,,,,
Netherlands,NLD,"Government expenditure per student, tertiary (% of GDP per capita)",SE.XPD.TERT.PC.ZS,,,,,,,,,,,,,,,,,,,,,,,,,,,,,,,,,,,,,,,44.66199,,,,,,,,,,,,,,,,,33.0426,35.77867,,,,
Norway,NOR,"Government expenditure per student, tertiary (% of GDP per capita)",SE.XPD.TERT.PC.ZS,,,,,,,,,,,,,,,,,,,,,,,,,,,,,,,,,,,,,,46.01137,46.4702,44.93575,38.62209,42.8673,47.12988,48.46343,50.3261,48.03716,43.72583,45.65673,45.04542,47.54835,43.44995,41.54993,,40.53579,42.40292,37.31122,39.82164,,,,
Nepal,NPL,"Government expenditure per student, tertiary (% of GDP per capita)",SE.XPD.TERT.PC.ZS,,,,,,,,,,,,,,,,,,,,,,,,,,,,,,,,,,,,,,,,,139.46298,102.63701,77.43354,63.42802,,,,,47.40814,51.51713,33.02038,31.69426,,22.29423,26.74935,24.16269,,,,,
Nauru,NRU,"Government expenditure per student, tertiary (% of GDP per capita)",SE.XPD.TERT.PC.ZS,,,,,,,,,,,,,,,,,,,,,,,,,,,,,,,,,,,,,,,,,,,,,,,,,,,,,,,,,,,,,
New Zealand,NZL,"Government expenditure per student, tertiary (% of GDP per capita)",SE.XPD.TERT.PC.ZS,,,,,,,,,,,,,,,,,,,,,,,,,,,,,,,,,,,,,,,,,,,,,,,,,,,,,,28.08001,26.37621,26.93331,25.25573,,,,
OECD members,OED,"Government expenditure per student, tertiary (% of GDP per capita)",SE.XPD.TERT.PC.ZS,,,,,,,,,,,,,,,,,,,,,,,,,,,,,,,,,,,,,,,33.05591,31.29979,28.106035,28.47715,25.48431,25.53041,23.87014,23.904325,25.375715,25.028515,25.681455,28.103635,27.99309,27.3279,24.55553,27.92773,26.89505,27.37707,25.409775,,,,
Oman,OMN,"Government expenditure per student, tertiary (% of GDP per capita)",SE.XPD.TERT.PC.ZS,,,,,,,,,,,,,,,,,,,,,,,,,,,,,,,,,,,,,,43.42561,55.57884,,,,,,22.0517,13.91475,,,,42.76602,,,,,,,43.55851,,,,
Other small states,OSS,"Government expenditure per student, tertiary (% of GDP per capita)",SE.XPD.TERT.PC.ZS,,,,,,,,,,,,,,,,,,,,,,,,,,,,,,,,,,,,,,,,,,,,,,52.86496,,,,,,,,,,,,,,,
Pakistan,PAK,"Government expenditure per student, tertiary (% of GDP per capita)",SE.XPD.TERT.PC.ZS,,,,,,,,,,,,,,,,,,,,,,,,,,,,,,,,,,,,,,,,,,,,,,,,,,,,,,78.58395,54.50023,63.01978,69.92226,67.23956,,,
Panama,PAN,"Government expenditure per student, tertiary (% of GDP per capita)",SE.XPD.TERT.PC.ZS,,,,,,,,,,,,,,,,,,,,,,,,,,,,,,,,,,,,,,,,32.59073,30.8513,28.47303,31.57496,,25.80472,,,,,,,19.50707,18.73802,,,,,,,,
Peru,PER,"Government expenditure per student, tertiary (% of GDP per capita)",SE.XPD.TERT.PC.ZS,,,,,,,,,,,,,,,,,,,,,,,,,,,,,,,,,,,,,,,,,,,11.39289,12.70191,12.66781,9.36281,11.30361,,,,,,,,,,10.37422,10.88362,,,
Philippines,PHL,"Government expenditure per student, tertiary (% of GDP per capita)",SE.XPD.TERT.PC.ZS,,,,,,,,,,,,,,,,,,,,,,,,,,,,,,,,,,,,,,18.4768,,,14.47821,13.42389,14.11128,13.7761,12.17696,11.19786,,9.28273,9.71651,10.56665,,,,,,,,,,,
Palau,PLW,"Government expenditure per student, tertiary (% of GDP per capita)",SE.XPD.TERT.PC.ZS,,,,,,,,,,,,,,,,,,,,,,,,,,,,,,,,,,,,,,,,,,64.90895,,,,,,,,,,,,,,,,,,,
Papua New Guinea,PNG,"Government expenditure per student, tertiary (% of GDP per capita)",SE.XPD.TERT.PC.ZS,,,,,,,,,,,,,,,,,,,,,,,,,,,,,,,,,,,,,,,,,,,,,,,,,,,,,,,,,,,,,
Poland,POL,"Government expenditure per student, tertiary (% of GDP per capita)",SE.XPD.TERT.PC.ZS,,,,,,,,,,,,,,,,,,,,,,,,,,,,,,,,,,,,,,,35.99816,20.86802,17.49334,18.02418,21.06039,19.66127,21.2374,21.27606,16.93912,16.4316,18.22712,18.61018,20.43721,20.12839,22.51235,25.41659,26.48911,28.11992,25.41068,,,,
Pre-demographic dividend,PRE,"Government expenditure per student, tertiary (% of GDP per capita)",SE.XPD.TERT.PC.ZS,,,,,,,,,,,,,,,,,,,,,,,,,,,,,,,,,,,,,,,,,,,,,,,,,,,153.45548,,,,,,,,,,
Puerto Rico,PRI,"Government expenditure per student, tertiary (% of GDP per capita)",SE.XPD.TERT.PC.ZS,,,,,,,,,,,,,,,,,,,,,,,,,,,,,,,,,,,,,,,,,,,,,,,,,,,,,,37.02041,33.27516,,,,,,
"Korea, Dem. People’s Rep.",PRK,"Government expenditure per student, tertiary (% of GDP per capita)",SE.XPD.TERT.PC.ZS,,,,,,,,,,,,,,,,,,,,,,,,,,,,,,,,,,,,,,,,,,,,,,,,,,,,,,,,,,,,,
Portugal,PRT,"Government expenditure per student, tertiary (% of GDP per capita)",SE.XPD.TERT.PC.ZS,,,,,,,,,,,,,,,,,,,,,,,,,,,,,,,,,,,,,,,,26.96595,25.76338,26.2307,23.78989,24.84234,22.04932,25.33618,26.77534,32.0895,25.4724,29.20305,30.01118,26.87704,,25.06298,26.89935,26.90651,,,,,
Paraguay,PRY,"Government expenditure per student, tertiary (% of GDP per capita)",SE.XPD.TERT.PC.ZS,,,,,,,,,,,,,,,,,,,,,,,,,,,,,,,,,,,,,,,,,46.82997,36.78955,21.18613,22.7239,17.60532,,,17.41706,,,14.26133,,,,,,,,,,
West Bank and Gaza,PSE,"Government expenditure per student, tertiary (% of GDP per capita)",SE.XPD.TERT.PC.ZS,,,,,,,,,,,,,,,,,,,,,,,,,,,,,,,,,,,,,,,,,,,,,,,,,,,,,,,,,,,,,
Pacific island small states,PSS,"Government expenditure per student, tertiary (% of GDP per capita)",SE.XPD.TERT.PC.ZS,,,,,,,,,,,,,,,,,,,,,,,,,,,,,,,,,,,,,,,,,,,,,,,,,,,,,,,,,,,,,
Post-demographic dividend,PST,"Government expenditure per student, tertiary (% of GDP per capita)",SE.XPD.TERT.PC.ZS,,,,,,,,,,,,,,,,,,,,,,,,,,,,,,,,,,,,,,,,,,32.02379,29.91196,28.63129,27.03547,29.03337,32.03604,30.52715,27.855945,29.20305,25.67837,27.713725,24.70782,27.1765,26.89935,26.90651,25.3323,,,,
French Polynesia,PYF,"Government expenditure per student, tertiary (% of GDP per capita)",SE.XPD.TERT.PC.ZS,,,,,,,,,,,,,,,,,,,,,,,,,,,,,,,,,,,,,,,,,,,,,,,,,,,,,,,,,,,,,
Qatar,QAT,"Government expenditure per student, tertiary (% of GDP per capita)",SE.XPD.TERT.PC.ZS,,,,,,,,,,,,,,,,,,,,,,,,,,,,,,,,,,,,,,,,,,,,,,,,,,,,,,,,,,,,,
Romania,ROU,"Government expenditure per student, tertiary (% of GDP per capita)",SE.XPD.TERT.PC.ZS,,,,,,,,,,,,,,,,,,,,,,,,,,,,,,,,,,,,,,,,,,32.42157,26.0169,23.40972,22.04941,23.43859,22.90097,24.58628,21.8697,20.9931,20.16143,19.57137,22.92328,19.26711,24.87677,24.0546,26.09842,,,,
Russian Federation,RUS,"Government expenditure per student, tertiary (% of GDP per capita)",SE.XPD.TERT.PC.ZS,,,,,,,,,,,,,,,,,,,,,,,,,,,,,,,,,,,,,,,,,10.96867,10.95492,11.90786,11.43514,10.87134,12.66075,13.21028,,14.32585,,,,15.24804,16.45398,,18.77948,19.82112,,,,
Rwanda,RWA,"Government expenditure per student, tertiary (% of GDP per capita)",SE.XPD.TERT.PC.ZS,,,,,,,,,,,,,,,,,,,,,,,,,,,,,,,,,,,,,,,,,1150.77138,,,,,300.20265,,244.54516,199.86622,,173.51484,116.61996,88.41959,94.92863,,107.95651,,,97.65851,,
South Asia,SAS,"Government expenditure per student, tertiary (% of GDP per capita)",SE.XPD.TERT.PC.ZS,,,,,,,,,,,,,,,,,,,,,,,,,,,,,,,,,,,,,,,,,96.88233,,,63.42802,,,,,,51.51713,33.02038,31.69426,23.48732,36.47267,40.673215,29.412,30.52166,,,,
Saudi Arabia,SAU,"Government expenditure per student, tertiary (% of GDP per capita)",SE.XPD.TERT.PC.ZS,,,,,,,,,,,,,,,,,,,,,,,,,,,,,,,,,,,,,,,93.4747,,,,,,,,,,,,,,,,,,,,,,
Sudan,SDN,"Government expenditure per student, tertiary (% of GDP per capita)",SE.XPD.TERT.PC.ZS,,,,,,,,,,,,,,,,,,,,,,,,,,,,,,,,,,,,,,,,,,,,,,,,,,,,,,,,,,,,,
Senegal,SEN,"Government expenditure per student, tertiary (% of GDP per capita)",SE.XPD.TERT.PC.ZS,,,,,,,,,,,,,,,,,,,,,,,,,,,,,,,,,,,,,,,,,,,,,,167.27013,161.23154,,128.59092,165.83551,191.35265,144.37938,134.91446,196.56276,165.66626,176.3571,143.13554,,131.01343,,
Singapore,SGP,"Government expenditure per student, tertiary (% of GDP per capita)",SE.XPD.TERT.PC.ZS,,,,,,,,,,,,,,,,,,,,,,,,,,,,,,,,,,,,,,,,,,,,,,,,,22.51476,25.24015,25.23741,23.1426,24.86011,20.95304,,,,23.54145,,,
Solomon Islands,SLB,"Government expenditure per student, tertiary (% of GDP per capita)",SE.XPD.TERT.PC.ZS,,,,,,,,,,,,,,,,,,,,,,,,,,,,,,,,,,,,,,,,,,,,,,,,,,,,,,,,,,,,,
Sierra Leone,SLE,"Government expenditure per student, tertiary (% of GDP per capita)",SE.XPD.TERT.PC.ZS,,,,,,,,,,,,,,,,,,,,,,,,,,,,,,,,,,,,,,,,,,,,,,,,,,,,,,,,,,,,,
El Salvador,SLV,"Government expenditure per student, tertiary (% of GDP per capita)",SE.XPD.TERT.PC.ZS,,,,,,,,,,,,,,,,,,,,,,,,,,,,,,,,,,,,,,,11.05942,,9.78412,,12.30136,12.43409,,17.51491,16.55859,16.41262,,20.87008,20.41816,,10.50348,11.10141,10.92943,10.84972,10.8018,12.01038,11.12942,,
San Marino,SMR,"Government expenditure per student, tertiary (% of GDP per capita)",SE.XPD.TERT.PC.ZS,,,,,,,,,,,,,,,,,,,,,,,,,,,,,,,,,,,,,,,,,,,,,,,,,,,7.51186,8.72047,,,,,,,,,
Somalia,SOM,"Government expenditure per student, tertiary (% of GDP per capita)",SE.XPD.TERT.PC.ZS,,,,,,,,,,,,,,,,,,,,,,,,,,,,,,,,,,,,,,,,,,,,,,,,,,,,,,,,,,,,,
Serbia,SRB,"Government expenditure per student, tertiary (% of GDP per capita)",SE.XPD.TERT.PC.ZS,,,,,,,,,,,,,,,,,,,,,,,,,,,,,,,,,,,,,,,,,,,,,,,,33.65057,37.5169,38.4532,40.46815,39.16333,37.68856,,,33.58741,29.57195,29.78442,,,
Sub-Saharan Africa (excluding high income),SSA,"Government expenditure per student, tertiary (% of GDP per capita)",SE.XPD.TERT.PC.ZS,,,,,,,,,,,,,,,,,,,,,,,,,,,,,,,,,,,,,,,,,,,,,,,,,,,,,,,,,,,,,
South Sudan,SSD,"Government expenditure per student, tertiary (% of GDP per capita)",SE.XPD.TERT.PC.ZS,,,,,,,,,,,,,,,,,,,,,,,,,,,,,,,,,,,,,,,,,,,,,,,,,,,,,,,,,,,,,
Sub-Saharan Africa,SSF,"Government expenditure per student, tertiary (% of GDP per capita)",SE.XPD.TERT.PC.ZS,,,,,,,,,,,,,,,,,,,,,,,,,,,,,,,,,,,,,,,,,,,,,,,,,,,,,,,,,,,,,
Small states,SST,"Government expenditure per student, tertiary (% of GDP per capita)",SE.XPD.TERT.PC.ZS,,,,,,,,,,,,,,,,,,,,,,,,,,,,,,,,,,,,,,,,,,,,,,55.609825,,,,,,,,,,,,,,,
Sao Tome and Principe,STP,"Government expenditure per student, tertiary (% of GDP per capita)",SE.XPD.TERT.PC.ZS,,,,,,,,,,,,,,,,,,,,,,,,,,,,,,,,,,,,,,,,,,,,,,,,,,,,,135.53961,,41.93097,,,,,,
Suriname,SUR,"Government expenditure per student, tertiary (% of GDP per capita)",SE.XPD.TERT.PC.ZS,,,,,,,,,,,,,,,,,,,,,,,,,,,,,,,,,,,,,,,,,,,,,,,,,,,,,,,,,,,,,
Slovak Republic,SVK,"Government expenditure per student, tertiary (% of GDP per capita)",SE.XPD.TERT.PC.ZS,,,,,,,,,,,,,,,,,,,,,,,,,,,,,,,,,,,,,,36.28855,,32.34944,28.20551,30.24759,30.28029,28.17706,31.37897,23.41832,23.86542,18.98153,17.79834,18.18657,18.56976,22.08985,26.93199,31.19209,33.17606,42.08415,27.60007,,,,
Slovenia,SVN,"Government expenditure per student, tertiary (% of GDP per capita)",SE.XPD.TERT.PC.ZS,,,,,,,,,,,,,,,,,,,,,,,,,,,,,,,,,,,,,,,,,,27.27497,25.075,24.99642,24.43072,21.91823,21.2182,20.71162,20.82911,24.07962,23.85399,25.80786,23.72584,23.84235,23.72155,23.84036,24.3256,,,,
Sweden,SWE,"Government expenditure per student, tertiary (% of GDP per capita)",SE.XPD.TERT.PC.ZS,,,,,,,,,,,,,,,,,,,,,,,,,,,,,,,,,,,,,,,58.97767,49.35435,47.34424,46.49734,46.14802,42.7137,40.00729,38.13697,36.87251,36.26481,39.06096,42.34718,39.56612,38.42777,42.38743,43.45347,43.82746,43.11866,43.24651,,,,
Eswatini,SWZ,"Government expenditure per student, tertiary (% of GDP per capita)",SE.XPD.TERT.PC.ZS,,,,,,,,,,,,,,,,,,,,,,,,,,,,,,,,,,,,,,,,,412.44961,231.43086,,291.27902,,241.62206,244.14651,,,,,,,,128.19209,,,,,,
Sint Maarten (Dutch part),SXM,"Government expenditure per student, tertiary (% of GDP per capita)",SE.XPD.TERT.PC.ZS,,,,,,,,,,,,,,,,,,,,,,,,,,,,,,,,,,,,,,,,,,,,,,,,,,,,,,,,,,,,,
Seychelles,SYC,"Government expenditure per student, tertiary (% of GDP per capita)",SE.XPD.TERT.PC.ZS,,,,,,,,,,,,,,,,,,,,,,,,,0,0,0,,0,0,,,,,,,,,,,,,,,,,,,,,,,39.06209,18.43209,8.79479,,70.70674,,,,
Syrian Arab Republic,SYR,"Government expenditure per student, tertiary (% of GDP per capita)",SE.XPD.TERT.PC.ZS,,,,,,,,,,,,,,,,,,,,,,,,,,,,,,,,,,,,,,,,,,,79.29088,102.80269,81.98551,,47.50408,43.69093,45.47164,49.40899,,,,,,,,,,,
Turks and Caicos Islands,TCA,"Government expenditure per student, tertiary (% of GDP per capita)",SE.XPD.TERT.PC.ZS,,,,,,,,,,,,,,,,,,,,,,,,,,,,,,,,,,,,,,,,,,,,,,,,,,,,,,,,87.56158,,,,,
Chad,TCD,"Government expenditure per student, tertiary (% of GDP per capita)",SE.XPD.TERT.PC.ZS,,,,,,,,,,,,,,,,,,,,,,,,,,,,,,,,,,,,,,265.31099,442.73541,,,,,,270.52613,259.03462,,,,162.18236,211.50163,186.65421,,,,,,,,,
East Asia & Pacific (IDA & IBRD countries),TEA,"Government expenditure per student, tertiary (% of GDP per capita)",SE.XPD.TERT.PC.ZS,,,,,,,,,,,,,,,,,,,,,,,,,,,,,,,,,,,,,,,,,,,,,,,,,,20.74544,15.55069,18.07199,20.790435,21.640795,,,,,,,
Europe & Central Asia (IDA & IBRD countries),TEC,"Government expenditure per student, tertiary (% of GDP per capita)",SE.XPD.TERT.PC.ZS,,,,,,,,,,,,,,,,,,,,,,,,,,,,,,,,,,,,,,,,,,,,,,,21.760525,22.63517,19.04264,21.6697,19.55726,18.80985,18.43656,17.40966,,18.77948,23.31199,,,,
Togo,TGO,"Government expenditure per student, tertiary (% of GDP per capita)",SE.XPD.TERT.PC.ZS,,,,,,,,,,,,,,,,,,,,,,,,,,,,,,,,,,,,,,,280.73061,,,,,,,,,137.07093,,,78.65386,71.72394,89.39615,98.98592,111.34646,91.09807,81.64483,77.17135,,,
Thailand,THA,"Government expenditure per student, tertiary (% of GDP per capita)",SE.XPD.TERT.PC.ZS,,,,,,,,,,,,,,,,,,,,,,,,,,,,,,,,,,,,,,44.55657,45.13241,,35.33598,31.67986,,,23.98612,23.68337,27.06107,,20.3411,20.63746,16.03965,19.3805,18.2528,18.17357,,,,,,,
Tajikistan,TJK,"Government expenditure per student, tertiary (% of GDP per capita)",SE.XPD.TERT.PC.ZS,,,,,,,,,,,,,,,,,,,,,,,,,,,,,,,,,,,,,,,,,,,19.73004,10.05308,7.19128,11.83002,9.31537,10.10801,18.76263,18.8744,15.52794,13.30391,18.22329,19.117,,19.56957,,,,,
Turkmenistan,TKM,"Government expenditure per student, tertiary (% of GDP per capita)",SE.XPD.TERT.PC.ZS,,,,,,,,,,,,,,,,,,,,,,,,,,,,,,,,,,,,,,,,,,,,,,,,,,,,,,,,,,,,,
Latin America & the Caribbean (IDA & IBRD countries),TLA,"Government expenditure per student, tertiary (% of GDP per capita)",SE.XPD.TERT.PC.ZS,,,,,,,,,,,,,,,,,,,,,,,,,,,,,,,,,,,,,,,,,,,,,20.53139,,,,,,,,25.24782,29.81738,,33.04323,,,,,
Timor-Leste,TLS,"Government expenditure per student, tertiary (% of GDP per capita)",SE.XPD.TERT.PC.ZS,,,,,,,,,,,,,,,,,,,,,,,,,,,,,,,,,,,,,,,,,,,,,,,,,,15.31905,15.06173,,,,,,,,,,
Middle East & North Africa (IDA & IBRD countries),TMN,"Government expenditure per student, tertiary (% of GDP per capita)",SE.XPD.TERT.PC.ZS,,,,,,,,,,,,,,,,,,,,,,,,,,,,,,,,,,,,,,,,,,,,,,,,,,,,,,,,,,,,,
Tonga,TON,"Government expenditure per student, tertiary (% of GDP per capita)",SE.XPD.TERT.PC.ZS,,,,,,,,,,,,,,,,,,,,,,,,,,,,,,,,,,,,,,,0,,,,,,126.53,,,,,,,,,,,,,,,,
South Asia (IDA & IBRD),TSA,"Government expenditure per student, tertiary (% of GDP per capita)",SE.XPD.TERT.PC.ZS,,,,,,,,,,,,,,,,,,,,,,,,,,,,,,,,,,,,,,,,,96.88233,,,63.42802,,,,,,51.51713,33.02038,31.69426,23.48732,36.47267,40.673215,29.412,30.52166,,,,
Sub-Saharan Africa (IDA & IBRD countries),TSS,"Government expenditure per student, tertiary (% of GDP per capita)",SE.XPD.TERT.PC.ZS,,,,,,,,,,,,,,,,,,,,,,,,,,,,,,,,,,,,,,,,,,,,,,,,,,,,,,,,,,,,,
Trinidad and Tobago,TTO,"Government expenditure per student, tertiary (% of GDP per capita)",SE.XPD.TERT.PC.ZS,,,,,,,,,,,,,,,,,,,,,,,,,,,,,,,,,,,,,,,,,,,,,,,,,,,,,,,,,,,,,
Tunisia,TUN,"Government expenditure per student, tertiary (% of GDP per capita)",SE.XPD.TERT.PC.ZS,,,,,,,,,,,,,,,,,,,,,,,,,,,,,,,,,,,,,,94.22433,,83.68622,72.41935,64.58462,57.4548,60.77918,59.33788,48.12954,46.94302,47.55889,45.76097,50.31755,50.64414,,53.35777,57.85019,55.13643,54.74251,,,,,
Turkey,TUR,"Government expenditure per student, tertiary (% of GDP per capita)",SE.XPD.TERT.PC.ZS,,,,,,,,,,,,,,,,,,,,,,,,,,,,,,,,,,,,,,,,34.24444,,34.09401,36.04356,32.14899,28.61458,,25.74749,,,,,,42.71303,41.19523,38.48285,32.269,35.28416,,,,
Tuvalu,TUV,"Government expenditure per student, tertiary (% of GDP per capita)",SE.XPD.TERT.PC.ZS,,,,,,,,,,,,,,,,,,,,,,,,,,,,,,,,,,,,,,,,,,,,,,,,,,,,,,,,,,,,,
Tanzania,TZA,"Government expenditure per student, tertiary (% of GDP per capita)",SE.XPD.TERT.PC.ZS,,,,,,,,,,,,,,,,,,,,,,,,,,,,,,,,,,,,,,,,,,,,,547.01464,541.49376,,725.67009,,,631.6187,,,,,,,,,,
Uganda,UGA,"Government expenditure per student, tertiary (% of GDP per capita)",SE.XPD.TERT.PC.ZS,,,,,,,,,,,,,,,,,,,,,,,,,,,,,,,,,,,,,,,,,,,,,172.84059,,,,,85.14325,82.72859,74.28615,91.44465,,,,,,,,
Ukraine,UKR,"Government expenditure per student, tertiary (% of GDP per capita)",SE.XPD.TERT.PC.ZS,,,,,,,,,,,,,,,,,,,,,,,,,,,,,,,,,,,,,,,,,36.48026,37.27235,41.7101,36.08012,32.4591,32.3289,32.35391,30.54817,32.96606,39.01139,,37.75878,41.36357,43.85232,37.10283,,38.53561,34.46536,,,
Upper middle income,UMC,"Government expenditure per student, tertiary (% of GDP per capita)",SE.XPD.TERT.PC.ZS,,,,,,,,,,,,,,,,,,,,,,,,,,,,,,,,,,,,,,,,,,,,,,,,,,,,,,19.07659,,,,,,,
Uruguay,URY,"Government expenditure per student, tertiary (% of GDP per capita)",SE.XPD.TERT.PC.ZS,,,,,,,,,,,,,,,,,,,,,,,,,,,,,,,,,,,,,,,,19.299,18.29396,19.9821,16.48078,17.08454,18.97252,17.7881,18.58317,,,,,29.16904,,,,,25.19618,25.38864,,,
United States,USA,"Government expenditure per student, tertiary (% of GDP per capita)",SE.XPD.TERT.PC.ZS,,,,,,,,,,,,,,,,,,,,,,,,,,,,,,,,,,,,,,,,,,,,,,,,,,,20.83643,20.04063,21.89296,20.41236,21.16585,21.52057,19.42953,,,,
Uzbekistan,UZB,"Government expenditure per student, tertiary (% of GDP per capita)",SE.XPD.TERT.PC.ZS,,,,,,,,,,,,,,,,,,,,,,,,,,,,,,,,,,,,,,,,,,,,,,,,,,,,,,,,,,,,,
St. Vincent and the Grenadines,VCT,"Government expenditure per student, tertiary (% of GDP per capita)",SE.XPD.TERT.PC.ZS,,,,,,,,,,,,,,,,,,,,,,,,,,,,,,,,,,,,,,,,,,,,,,,,,,,,,,,,,,,,,
"Venezuela, RB",VEN,"Government expenditure per student, tertiary (% of GDP per capita)",SE.XPD.TERT.PC.ZS,,,,,,,,,,,,,,,,,,,,,,,,,,,,,,,,,,,,,,,,,,,,,,,,,,20.51275,,,,,,,,,,,
British Virgin Islands,VGB,"Government expenditure per student, tertiary (% of GDP per capita)",SE.XPD.TERT.PC.ZS,,,,,,,,,,,,,,,,,,,,,,,,,,,,,,,,,,,,,,,,,,19.60172,,,,,,,,,,,,,,40.0368,,,,,
Virgin Islands (U.S.),VIR,"Government expenditure per student, tertiary (% of GDP per capita)",SE.XPD.TERT.PC.ZS,,,,,,,,,,,,,,,,,,,,,,,,,,,,,,,,,,,,,,,,,,,,,,,,,,,,,,,,,,,,,
Vietnam,VNM,"Government expenditure per student, tertiary (% of GDP per capita)",SE.XPD.TERT.PC.ZS,,,,,,,,,,,,,,,,,,,,,,,,,,,,,,,,,,,,,,,,,,,,,,,,,56.4484,32.24791,32.38883,30.19274,32.57868,34.21589,,,,,,,
Vanuatu,VUT,"Government expenditure per student, tertiary (% of GDP per capita)",SE.XPD.TERT.PC.ZS,,,,,,,,,,,,,,,,,,,,,,,,,,,,,,,,,,,,,,,,117.80818,145.85188,262.57856,,,,,,,,,,,,,,,,,,,
World,WLD,"Government expenditure per student, tertiary (% of GDP per capita)",SE.XPD.TERT.PC.ZS,,,,,,,,,,,,,,,,,,,,,,,,,,,,,,,,,,,,,,,,,,,,,,,,,,,29.458285,29.9132,,29.65255,,,,,,,
Samoa,WSM,"Government expenditure per student, tertiary (% of GDP per capita)",SE.XPD.TERT.PC.ZS,,,,,,,,,,,,,,,,,,,,,,,,,,,,,,,,,,,,,,,,188.62602,121.00249,187.59817,,,,,,,,,,,,,,,,,,,
Kosovo,XKX,"Government expenditure per student, tertiary (% of GDP per capita)",SE.XPD.TERT.PC.ZS,,,,,,,,,,,,,,,,,,,,,,,,,,,,,,,,,,,,,,,,,,,,,,,,,,,,,,,,,,,,,
"Yemen, Rep.",YEM,"Government expenditure per student, tertiary (% of GDP per capita)",SE.XPD.TERT.PC.ZS,,,,,,,,,,,,,,,,,,,,,,,,,,,,,,,,,,,,,,,,,,,,,,,,,,,,,,,,,,,,,
South Africa,ZAF,"Government expenditure per student, tertiary (% of GDP per capita)",SE.XPD.TERT.PC.ZS,,,,,,,,,,,,,,,,,,,,,,,,,,,,,,,,,,,,,,,,,,,,,,,,,,,,,,39.20118,38.19787,40.02283,,46.83211,47.9767,,
Zambia,ZMB,"Government expenditure per student, tertiary (% of GDP per capita)",SE.XPD.TERT.PC.ZS,,,,,,,,,,,,,,,,,,,,,,,,,,,,,,,,,,,,,,,,,,,,,,,,,,,,,,,,,,,,,
Zimbabwe,ZWE,"Government expenditure per student, tertiary (% of GDP per capita)",SE.XPD.TERT.PC.ZS,,,,,,,,,,,,,,,,,,,,,,,,,,,,,,,,,,,,,,,,,,,,,,,,,,,47.27895,,166.79841,161.41752,,,,,,,
