﻿"LOCATION","INDICATOR","SUBJECT","MEASURE","FREQUENCY","TIME","Value","Flag Codes"
"AUS","STUMOBILITY","TRY_INFLOW","PC_STUD_ENRL","A","2015",15.469,
"AUS","STUMOBILITY","TRY_INFLOW","PC_STUD_ENRL","A","2016",17.487,
"AUS","STUMOBILITY","TRY_INFLOW","PC_STUD_ENRL","A","2017",21.478,
"AUS","STUMOBILITY","TRY_INFLOW","PC_STUD_ENRL","A","2018",26.503,
"AUT","STUMOBILITY","TRY_INFLOW","PC_STUD_ENRL","A","2015",15.891,
"AUT","STUMOBILITY","TRY_INFLOW","PC_STUD_ENRL","A","2016",16.349,
"AUT","STUMOBILITY","TRY_INFLOW","PC_STUD_ENRL","A","2017",17.186,
"AUT","STUMOBILITY","TRY_INFLOW","PC_STUD_ENRL","A","2018",17.494,
"BEL","STUMOBILITY","TRY_INFLOW","PC_STUD_ENRL","A","2015",11.19,
"BEL","STUMOBILITY","TRY_INFLOW","PC_STUD_ENRL","A","2016",12.022,
"BEL","STUMOBILITY","TRY_INFLOW","PC_STUD_ENRL","A","2017",8.653,
"BEL","STUMOBILITY","TRY_INFLOW","PC_STUD_ENRL","A","2018",10.454,
"CAN","STUMOBILITY","TRY_INFLOW","PC_STUD_ENRL","A","2015",10.967,
"CAN","STUMOBILITY","TRY_INFLOW","PC_STUD_ENRL","A","2016",11.892,
"CAN","STUMOBILITY","TRY_INFLOW","PC_STUD_ENRL","A","2017",12.917,
"CAN","STUMOBILITY","TRY_INFLOW","PC_STUD_ENRL","A","2018",13.838,
"CZE","STUMOBILITY","TRY_INFLOW","PC_STUD_ENRL","A","2015",10.547,
"CZE","STUMOBILITY","TRY_INFLOW","PC_STUD_ENRL","A","2016",11.51,
"CZE","STUMOBILITY","TRY_INFLOW","PC_STUD_ENRL","A","2017",12.543,
"CZE","STUMOBILITY","TRY_INFLOW","PC_STUD_ENRL","A","2018",13.606,
"DNK","STUMOBILITY","TRY_INFLOW","PC_STUD_ENRL","A","2015",10.283,
"DNK","STUMOBILITY","TRY_INFLOW","PC_STUD_ENRL","A","2016",10.811,
"DNK","STUMOBILITY","TRY_INFLOW","PC_STUD_ENRL","A","2017",10.757,
"DNK","STUMOBILITY","TRY_INFLOW","PC_STUD_ENRL","A","2018",10.707,
"FIN","STUMOBILITY","TRY_INFLOW","PC_STUD_ENRL","A","2015",7.651,
"FIN","STUMOBILITY","TRY_INFLOW","PC_STUD_ENRL","A","2016",7.806,
"FIN","STUMOBILITY","TRY_INFLOW","PC_STUD_ENRL","A","2017",8.178,
"FIN","STUMOBILITY","TRY_INFLOW","PC_STUD_ENRL","A","2018",8.052,
"FRA","STUMOBILITY","TRY_INFLOW","PC_STUD_ENRL","A","2015",9.876,
"FRA","STUMOBILITY","TRY_INFLOW","PC_STUD_ENRL","A","2016",9.892,
"FRA","STUMOBILITY","TRY_INFLOW","PC_STUD_ENRL","A","2017",10.201,
"FRA","STUMOBILITY","TRY_INFLOW","PC_STUD_ENRL","A","2018",8.768,
"DEU","STUMOBILITY","TRY_INFLOW","PC_STUD_ENRL","A","2015",7.682,
"DEU","STUMOBILITY","TRY_INFLOW","PC_STUD_ENRL","A","2016",8.037,
"DEU","STUMOBILITY","TRY_INFLOW","PC_STUD_ENRL","A","2017",8.373,
"DEU","STUMOBILITY","TRY_INFLOW","PC_STUD_ENRL","A","2018",9.966,
"GRC","STUMOBILITY","TRY_INFLOW","PC_STUD_ENRL","A","2015",3.205,
"GRC","STUMOBILITY","TRY_INFLOW","PC_STUD_ENRL","A","2016",3.345,
"GRC","STUMOBILITY","TRY_INFLOW","PC_STUD_ENRL","A","2017",3.41,
"GRC","STUMOBILITY","TRY_INFLOW","PC_STUD_ENRL","A","2018",3.433,
"HUN","STUMOBILITY","TRY_INFLOW","PC_STUD_ENRL","A","2015",7.054,
"HUN","STUMOBILITY","TRY_INFLOW","PC_STUD_ENRL","A","2016",8.856,
"HUN","STUMOBILITY","TRY_INFLOW","PC_STUD_ENRL","A","2017",9.974,
"HUN","STUMOBILITY","TRY_INFLOW","PC_STUD_ENRL","A","2018",11.411,
"ISL","STUMOBILITY","TRY_INFLOW","PC_STUD_ENRL","A","2015",7.957,
"ISL","STUMOBILITY","TRY_INFLOW","PC_STUD_ENRL","A","2016",6.778,
"ISL","STUMOBILITY","TRY_INFLOW","PC_STUD_ENRL","A","2017",6.851,
"ISL","STUMOBILITY","TRY_INFLOW","PC_STUD_ENRL","A","2018",8.018,
"IRL","STUMOBILITY","TRY_INFLOW","PC_STUD_ENRL","A","2015",7.368,
"IRL","STUMOBILITY","TRY_INFLOW","PC_STUD_ENRL","A","2016",8.188,
"IRL","STUMOBILITY","TRY_INFLOW","PC_STUD_ENRL","A","2017",8.88,
"IRL","STUMOBILITY","TRY_INFLOW","PC_STUD_ENRL","A","2018",9.638,
"ITA","STUMOBILITY","TRY_INFLOW","PC_STUD_ENRL","A","2015",4.95,
"ITA","STUMOBILITY","TRY_INFLOW","PC_STUD_ENRL","A","2016",5.102,
"ITA","STUMOBILITY","TRY_INFLOW","PC_STUD_ENRL","A","2017",5.311,
"ITA","STUMOBILITY","TRY_INFLOW","PC_STUD_ENRL","A","2018",5.623,
"JPN","STUMOBILITY","TRY_INFLOW","PC_STUD_ENRL","A","2015",3.432,
"JPN","STUMOBILITY","TRY_INFLOW","PC_STUD_ENRL","A","2016",3.729,
"JPN","STUMOBILITY","TRY_INFLOW","PC_STUD_ENRL","A","2017",4.265,
"JPN","STUMOBILITY","TRY_INFLOW","PC_STUD_ENRL","A","2018",4.732,
"KOR","STUMOBILITY","TRY_INFLOW","PC_STUD_ENRL","A","2015",1.669,
"KOR","STUMOBILITY","TRY_INFLOW","PC_STUD_ENRL","A","2016",1.931,
"KOR","STUMOBILITY","TRY_INFLOW","PC_STUD_ENRL","A","2017",2.257,
"KOR","STUMOBILITY","TRY_INFLOW","PC_STUD_ENRL","A","2018",2.748,
"LUX","STUMOBILITY","TRY_INFLOW","PC_STUD_ENRL","A","2015",45.867,
"LUX","STUMOBILITY","TRY_INFLOW","PC_STUD_ENRL","A","2016",46.995,
"LUX","STUMOBILITY","TRY_INFLOW","PC_STUD_ENRL","A","2017",46.727,
"LUX","STUMOBILITY","TRY_INFLOW","PC_STUD_ENRL","A","2018",47.735,
"MEX","STUMOBILITY","TRY_INFLOW","PC_STUD_ENRL","A","2015",0.284,
"MEX","STUMOBILITY","TRY_INFLOW","PC_STUD_ENRL","A","2016",0.298,
"MEX","STUMOBILITY","TRY_INFLOW","PC_STUD_ENRL","A","2017",0.567,
"MEX","STUMOBILITY","TRY_INFLOW","PC_STUD_ENRL","A","2018",0.158,
"NLD","STUMOBILITY","TRY_INFLOW","PC_STUD_ENRL","A","2015",10.229,
"NLD","STUMOBILITY","TRY_INFLOW","PC_STUD_ENRL","A","2016",10.744,
"NLD","STUMOBILITY","TRY_INFLOW","PC_STUD_ENRL","A","2017",10.999,
"NLD","STUMOBILITY","TRY_INFLOW","PC_STUD_ENRL","A","2018",11.769,
"NZL","STUMOBILITY","TRY_INFLOW","PC_STUD_ENRL","A","2015",21.139,
"NZL","STUMOBILITY","TRY_INFLOW","PC_STUD_ENRL","A","2016",19.839,
"NZL","STUMOBILITY","TRY_INFLOW","PC_STUD_ENRL","A","2017",19.609,
"NZL","STUMOBILITY","TRY_INFLOW","PC_STUD_ENRL","A","2018",19.68,
"NOR","STUMOBILITY","TRY_INFLOW","PC_STUD_ENRL","A","2015",3.628,
"NOR","STUMOBILITY","TRY_INFLOW","PC_STUD_ENRL","A","2016",3.921,
"NOR","STUMOBILITY","TRY_INFLOW","PC_STUD_ENRL","A","2017",3.153,
"NOR","STUMOBILITY","TRY_INFLOW","PC_STUD_ENRL","A","2018",4.258,
"POL","STUMOBILITY","TRY_INFLOW","PC_STUD_ENRL","A","2015",2.641,
"POL","STUMOBILITY","TRY_INFLOW","PC_STUD_ENRL","A","2016",3.42,
"POL","STUMOBILITY","TRY_INFLOW","PC_STUD_ENRL","A","2017",4.124,
"POL","STUMOBILITY","TRY_INFLOW","PC_STUD_ENRL","A","2018",3.641,
"PRT","STUMOBILITY","TRY_INFLOW","PC_STUD_ENRL","A","2015",5.004,
"PRT","STUMOBILITY","TRY_INFLOW","PC_STUD_ENRL","A","2016",5.775,
"PRT","STUMOBILITY","TRY_INFLOW","PC_STUD_ENRL","A","2017",6.397,
"PRT","STUMOBILITY","TRY_INFLOW","PC_STUD_ENRL","A","2018",7.891,
"SVK","STUMOBILITY","TRY_INFLOW","PC_STUD_ENRL","A","2015",5.898,
"SVK","STUMOBILITY","TRY_INFLOW","PC_STUD_ENRL","A","2016",6.021,
"SVK","STUMOBILITY","TRY_INFLOW","PC_STUD_ENRL","A","2017",6.898,
"SVK","STUMOBILITY","TRY_INFLOW","PC_STUD_ENRL","A","2018",8.029,
"ESP","STUMOBILITY","TRY_INFLOW","PC_STUD_ENRL","A","2015",2.726,
"ESP","STUMOBILITY","TRY_INFLOW","PC_STUD_ENRL","A","2016",2.531,
"ESP","STUMOBILITY","TRY_INFLOW","PC_STUD_ENRL","A","2017",3.23,
"ESP","STUMOBILITY","TRY_INFLOW","PC_STUD_ENRL","A","2018",3.456,
"SWE","STUMOBILITY","TRY_INFLOW","PC_STUD_ENRL","A","2015",6.193,
"SWE","STUMOBILITY","TRY_INFLOW","PC_STUD_ENRL","A","2016",6.577,
"SWE","STUMOBILITY","TRY_INFLOW","PC_STUD_ENRL","A","2017",6.743,
"SWE","STUMOBILITY","TRY_INFLOW","PC_STUD_ENRL","A","2018",7.171,
"CHE","STUMOBILITY","TRY_INFLOW","PC_STUD_ENRL","A","2015",17.182,
"CHE","STUMOBILITY","TRY_INFLOW","PC_STUD_ENRL","A","2016",17.588,
"CHE","STUMOBILITY","TRY_INFLOW","PC_STUD_ENRL","A","2017",17.753,
"CHE","STUMOBILITY","TRY_INFLOW","PC_STUD_ENRL","A","2018",17.695,
"TUR","STUMOBILITY","TRY_INFLOW","PC_STUD_ENRL","A","2015",1.19,
"TUR","STUMOBILITY","TRY_INFLOW","PC_STUD_ENRL","A","2016",1.314,
"TUR","STUMOBILITY","TRY_INFLOW","PC_STUD_ENRL","A","2017",1.501,
"TUR","STUMOBILITY","TRY_INFLOW","PC_STUD_ENRL","A","2018",1.655,
"GBR","STUMOBILITY","TRY_INFLOW","PC_STUD_ENRL","A","2015",18.484,
"GBR","STUMOBILITY","TRY_INFLOW","PC_STUD_ENRL","A","2016",18.161,
"GBR","STUMOBILITY","TRY_INFLOW","PC_STUD_ENRL","A","2017",17.918,
"GBR","STUMOBILITY","TRY_INFLOW","PC_STUD_ENRL","A","2018",18.324,
"USA","STUMOBILITY","TRY_INFLOW","PC_STUD_ENRL","A","2015",4.645,
"USA","STUMOBILITY","TRY_INFLOW","PC_STUD_ENRL","A","2016",5.036,
"USA","STUMOBILITY","TRY_INFLOW","PC_STUD_ENRL","A","2017",5.18,
"USA","STUMOBILITY","TRY_INFLOW","PC_STUD_ENRL","A","2018",5.212,
"OEU","STUMOBILITY","TRY_INFLOW","PC_STUD_ENRL","A","2015",8.249,
"OEU","STUMOBILITY","TRY_INFLOW","PC_STUD_ENRL","A","2016",8.553,
"OEU","STUMOBILITY","TRY_INFLOW","PC_STUD_ENRL","A","2017",8.818,
"OEU","STUMOBILITY","TRY_INFLOW","PC_STUD_ENRL","A","2018",9.161,
"ARG","STUMOBILITY","TRY_INFLOW","PC_STUD_ENRL","A","2015",,"M"
"ARG","STUMOBILITY","TRY_INFLOW","PC_STUD_ENRL","A","2016",2.473,
"ARG","STUMOBILITY","TRY_INFLOW","PC_STUD_ENRL","A","2017",2.829,
"ARG","STUMOBILITY","TRY_INFLOW","PC_STUD_ENRL","A","2018",,"M"
"BRA","STUMOBILITY","TRY_INFLOW","PC_STUD_ENRL","A","2015",0.24,
"BRA","STUMOBILITY","TRY_INFLOW","PC_STUD_ENRL","A","2016",0.24,
"BRA","STUMOBILITY","TRY_INFLOW","PC_STUD_ENRL","A","2017",0.241,
"BRA","STUMOBILITY","TRY_INFLOW","PC_STUD_ENRL","A","2018",0.242,
"CHL","STUMOBILITY","TRY_INFLOW","PC_STUD_ENRL","A","2015",0.312,
"CHL","STUMOBILITY","TRY_INFLOW","PC_STUD_ENRL","A","2016",0.369,
"CHL","STUMOBILITY","TRY_INFLOW","PC_STUD_ENRL","A","2017",0.38,
"CHL","STUMOBILITY","TRY_INFLOW","PC_STUD_ENRL","A","2018",0.453,
"CHN","STUMOBILITY","TRY_INFLOW","PC_STUD_ENRL","A","2015",,"M"
"CHN","STUMOBILITY","TRY_INFLOW","PC_STUD_ENRL","A","2016",,"M"
"CHN","STUMOBILITY","TRY_INFLOW","PC_STUD_ENRL","A","2017",,"M"
"CHN","STUMOBILITY","TRY_INFLOW","PC_STUD_ENRL","A","2018",,"M"
"COL","STUMOBILITY","TRY_INFLOW","PC_STUD_ENRL","A","2015",0.188,
"COL","STUMOBILITY","TRY_INFLOW","PC_STUD_ENRL","A","2016",0.164,
"COL","STUMOBILITY","TRY_INFLOW","PC_STUD_ENRL","A","2017",0.186,
"COL","STUMOBILITY","TRY_INFLOW","PC_STUD_ENRL","A","2018",0.198,
"CRI","STUMOBILITY","TRY_INFLOW","PC_STUD_ENRL","A","2015",,"M"
"CRI","STUMOBILITY","TRY_INFLOW","PC_STUD_ENRL","A","2016",,"M"
"CRI","STUMOBILITY","TRY_INFLOW","PC_STUD_ENRL","A","2017",1.293,
"CRI","STUMOBILITY","TRY_INFLOW","PC_STUD_ENRL","A","2018",,"M"
"EST","STUMOBILITY","TRY_INFLOW","PC_STUD_ENRL","A","2015",5.229,
"EST","STUMOBILITY","TRY_INFLOW","PC_STUD_ENRL","A","2016",6.803,
"EST","STUMOBILITY","TRY_INFLOW","PC_STUD_ENRL","A","2017",8.258,
"EST","STUMOBILITY","TRY_INFLOW","PC_STUD_ENRL","A","2018",9.593,
"IND","STUMOBILITY","TRY_INFLOW","PC_STUD_ENRL","A","2015",0.131,
"IND","STUMOBILITY","TRY_INFLOW","PC_STUD_ENRL","A","2016",0.138,
"IND","STUMOBILITY","TRY_INFLOW","PC_STUD_ENRL","A","2017",0.14,
"IND","STUMOBILITY","TRY_INFLOW","PC_STUD_ENRL","A","2018",0.132,
"IDN","STUMOBILITY","TRY_INFLOW","PC_STUD_ENRL","A","2015",,"M"
"IDN","STUMOBILITY","TRY_INFLOW","PC_STUD_ENRL","A","2016",,"M"
"IDN","STUMOBILITY","TRY_INFLOW","PC_STUD_ENRL","A","2017",0.074,
"IDN","STUMOBILITY","TRY_INFLOW","PC_STUD_ENRL","A","2018",0.096,
"ISR","STUMOBILITY","TRY_INFLOW","PC_STUD_ENRL","A","2015",2.749,
"ISR","STUMOBILITY","TRY_INFLOW","PC_STUD_ENRL","A","2016",2.747,
"ISR","STUMOBILITY","TRY_INFLOW","PC_STUD_ENRL","A","2017",2.884,
"ISR","STUMOBILITY","TRY_INFLOW","PC_STUD_ENRL","A","2018",2.915,
"LVA","STUMOBILITY","TRY_INFLOW","PC_STUD_ENRL","A","2015",6.119,
"LVA","STUMOBILITY","TRY_INFLOW","PC_STUD_ENRL","A","2016",7.671,
"LVA","STUMOBILITY","TRY_INFLOW","PC_STUD_ENRL","A","2017",7.393,
"LVA","STUMOBILITY","TRY_INFLOW","PC_STUD_ENRL","A","2018",9.269,
"LTU","STUMOBILITY","TRY_INFLOW","PC_STUD_ENRL","A","2015",3.538,
"LTU","STUMOBILITY","TRY_INFLOW","PC_STUD_ENRL","A","2016",4.113,
"LTU","STUMOBILITY","TRY_INFLOW","PC_STUD_ENRL","A","2017",4.613,
"LTU","STUMOBILITY","TRY_INFLOW","PC_STUD_ENRL","A","2018",5.326,
"RUS","STUMOBILITY","TRY_INFLOW","PC_STUD_ENRL","A","2015",3.435,
"RUS","STUMOBILITY","TRY_INFLOW","PC_STUD_ENRL","A","2016",4.042,
"RUS","STUMOBILITY","TRY_INFLOW","PC_STUD_ENRL","A","2017",4.081,
"RUS","STUMOBILITY","TRY_INFLOW","PC_STUD_ENRL","A","2018",3.9,
"SAU","STUMOBILITY","TRY_INFLOW","PC_STUD_ENRL","A","2015",4.783,
"SAU","STUMOBILITY","TRY_INFLOW","PC_STUD_ENRL","A","2016",4.922,
"SAU","STUMOBILITY","TRY_INFLOW","PC_STUD_ENRL","A","2017",,"M"
"SAU","STUMOBILITY","TRY_INFLOW","PC_STUD_ENRL","A","2018",4.565,
"SVN","STUMOBILITY","TRY_INFLOW","PC_STUD_ENRL","A","2015",2.749,
"SVN","STUMOBILITY","TRY_INFLOW","PC_STUD_ENRL","A","2016",3.311,
"SVN","STUMOBILITY","TRY_INFLOW","PC_STUD_ENRL","A","2017",3.884,
"SVN","STUMOBILITY","TRY_INFLOW","PC_STUD_ENRL","A","2018",4.469,
"ZAF","STUMOBILITY","TRY_INFLOW","PC_STUD_ENRL","A","2015",4.121,
"ZAF","STUMOBILITY","TRY_INFLOW","PC_STUD_ENRL","A","2016",4.285,
"ZAF","STUMOBILITY","TRY_INFLOW","PC_STUD_ENRL","A","2017",4.062,
"ZAF","STUMOBILITY","TRY_INFLOW","PC_STUD_ENRL","A","2018",,"M"
